AccountNo,CustomerID,BranchID,AccountType,OpeningDate,CurrentBalance,Status
500001,1067,119,Current,2024-06-02,181218,Active
500002,1024,104,Current,2020-02-03,66136,Active
500003,1226,115,Savings,2025-05-16,225290,Active
500004,1353,105,Current,2020-11-21,459449,Inactive
500005,1048,112,Current,2020-06-17,195953,Active
500006,1027,113,Current,2024-01-26,367708,Active
500007,1220,103,Savings,2020-01-03,112894,Inactive
500008,1040,105,Savings,2022-11-29,357506,Inactive
500009,1005,101,Current,2024-07-31,64225,Inactive
500010,1356,105,Current,2020-05-25,121034,Inactive
500011,1046,104,Savings,2021-10-03,193708,Inactive
500012,1071,113,Savings,2023-08-06,356014,Active
500013,1036,117,Savings,2023-06-03,341797,Active
500014,1226,112,Savings,2023-07-10,393308,Active
500015,1471,114,Current,2024-10-27,114898,Active
500016,1460,104,Savings,2024-03-21,65569,Inactive
500017,1180,114,Current,2024-06-08,74311,Active
500018,1142,103,Savings,2023-02-07,316096,Inactive
500019,1399,101,Current,2021-02-24,272449,Active
500020,1383,113,Current,2023-08-16,29609,Active
500021,1254,113,Savings,2021-05-08,262925,Active
500022,1271,101,Current,2025-03-27,166922,Active
500023,1199,119,Current,2022-01-18,287448,Active
500024,1391,116,Savings,2020-02-04,308947,Active
500025,1008,109,Savings,2020-03-22,484697,Active
500026,1486,113,Current,2023-07-11,374622,Inactive
500027,1217,113,Savings,2023-08-04,282314,Active
500028,1143,103,Current,2020-06-10,269070,Active
500029,1499,105,Current,2022-03-11,308461,Active
500030,1159,114,Savings,2020-04-28,129177,Active
500031,1474,114,Savings,2022-07-17,322019,Active
500032,1159,106,Savings,2020-01-26,372143,Active
500033,1360,101,Savings,2022-10-13,182773,Inactive
500034,1086,112,Savings,2024-03-15,410533,Inactive
500035,1376,104,Savings,2021-11-17,424156,Inactive
500036,1140,117,Savings,2021-06-22,374462,Active
500037,1255,115,Current,2020-04-23,262939,Active
500038,1189,106,Current,2024-05-02,54951,Active
500039,1117,117,Savings,2020-03-31,451200,Active
500040,1126,102,Current,2022-01-15,201791,Active
500041,1092,102,Current,2021-04-04,169716,Active
500042,1214,111,Current,2024-08-18,41835,Inactive
500043,1062,117,Savings,2021-01-02,118013,Active
500044,1489,113,Savings,2024-12-01,244843,Inactive
500045,1397,110,Current,2020-06-25,290979,Inactive
500046,1005,112,Savings,2021-08-20,296597,Inactive
500047,1379,120,Savings,2022-08-08,194081,Inactive
500048,1396,107,Savings,2020-11-04,4343,Inactive
500049,1013,108,Current,2023-07-26,441178,Active
500050,1487,111,Savings,2024-04-03,345616,Inactive
500051,1435,110,Savings,2021-02-24,278775,Active
500052,1215,116,Savings,2025-06-14,75644,Inactive
500053,1048,102,Savings,2025-01-11,444287,Inactive
500054,1359,112,Current,2025-06-18,393114,Active
500055,1298,104,Savings,2023-07-29,430896,Inactive
500056,1039,119,Savings,2022-06-09,348311,Active
500057,1122,110,Current,2024-10-08,166155,Inactive
500058,1359,111,Current,2022-07-16,143583,Active
500059,1039,107,Savings,2024-05-16,404778,Active
500060,1080,104,Savings,2022-07-09,245347,Inactive
500061,1209,104,Current,2025-05-29,404878,Active
500062,1232,110,Current,2021-06-26,447946,Active
500063,1047,106,Current,2024-08-19,370468,Active
500064,1111,111,Savings,2020-07-05,373851,Active
500065,1496,112,Current,2022-11-17,26664,Inactive
500066,1134,106,Savings,2025-05-03,213017,Inactive
500067,1285,118,Savings,2020-07-12,243243,Active
500068,1412,105,Savings,2020-01-25,33332,Active
500069,1067,107,Current,2022-02-01,360811,Active
500070,1299,119,Current,2025-02-21,427113,Active
500071,1012,103,Savings,2025-01-22,339683,Inactive
500072,1415,105,Savings,2025-01-27,445216,Inactive
500073,1063,102,Current,2020-04-13,89074,Inactive
500074,1421,113,Current,2020-03-01,201660,Inactive
500075,1089,112,Savings,2025-02-03,99121,Inactive
500076,1144,115,Savings,2020-03-11,322968,Active
500077,1332,110,Current,2022-04-23,463830,Inactive
500078,1032,103,Current,2022-02-23,72951,Inactive
500079,1103,117,Savings,2023-07-15,421567,Active
500080,1196,112,Current,2023-01-20,410697,Inactive
500081,1177,119,Current,2022-03-06,142786,Active
500082,1014,111,Savings,2020-03-01,470638,Inactive
500083,1030,116,Current,2024-04-19,307178,Active
500084,1499,106,Savings,2021-05-22,345386,Active
500085,1137,118,Savings,2024-04-13,497921,Active
500086,1295,113,Current,2025-03-30,440994,Active
500087,1091,108,Current,2024-07-09,387979,Inactive
500088,1468,119,Savings,2023-12-11,368295,Inactive
500089,1486,119,Savings,2023-02-27,498218,Active
500090,1429,116,Current,2020-12-25,258129,Active
500091,1047,102,Savings,2023-05-17,115718,Active
500092,1270,116,Savings,2021-11-10,482241,Active
500093,1413,105,Current,2024-01-08,94040,Inactive
500094,1031,101,Savings,2023-04-16,370463,Active
500095,1397,104,Current,2025-05-21,39027,Inactive
500096,1361,113,Savings,2021-11-20,159211,Inactive
500097,1070,106,Current,2024-06-09,336159,Inactive
500098,1333,111,Savings,2023-12-19,295637,Inactive
500099,1115,119,Savings,2022-02-13,161863,Inactive
500100,1066,106,Savings,2025-04-27,369054,Inactive
500101,1436,119,Savings,2021-01-07,316825,Inactive
500102,1472,120,Savings,2023-08-02,297511,Active
500103,1480,116,Savings,2021-11-09,391774,Active
500104,1122,112,Current,2020-12-09,334545,Active
500105,1421,111,Current,2020-01-24,140047,Active
500106,1128,103,Current,2021-06-09,413625,Active
500107,1369,101,Savings,2022-03-01,230753,Inactive
500108,1497,106,Current,2022-10-06,463301,Inactive
500109,1180,118,Current,2020-07-26,435533,Inactive
500110,1404,119,Savings,2020-11-29,237604,Active
500111,1410,102,Current,2020-02-11,168099,Inactive
500112,1488,104,Savings,2021-12-01,90184,Inactive
500113,1083,103,Savings,2021-11-23,312443,Inactive
500114,1361,101,Current,2025-04-14,343693,Active
500115,1311,114,Savings,2020-04-19,54088,Inactive
500116,1106,107,Current,2023-11-28,291514,Inactive
500117,1339,110,Current,2021-05-01,51287,Active
500118,1202,119,Current,2020-11-10,29576,Inactive
500119,1002,114,Savings,2021-08-26,432959,Inactive
500120,1103,104,Savings,2021-02-27,90565,Inactive
500121,1042,116,Savings,2021-09-23,412501,Inactive
500122,1242,116,Current,2020-07-05,337522,Inactive
500123,1095,112,Current,2022-01-26,98823,Inactive
500124,1023,109,Current,2022-08-10,139097,Active
500125,1429,109,Savings,2020-11-05,395387,Active
500126,1044,112,Current,2025-06-11,397601,Active
500127,1284,102,Current,2024-08-03,274983,Inactive
500128,1495,118,Current,2023-03-18,463240,Active
500129,1244,110,Savings,2022-03-19,474315,Active
500130,1258,119,Savings,2020-09-03,498682,Inactive
500131,1089,106,Savings,2024-07-13,102043,Active
500132,1022,114,Savings,2023-10-31,229271,Active
500133,1422,105,Current,2021-10-16,478523,Active
500134,1045,113,Current,2023-02-04,171984,Inactive
500135,1267,115,Savings,2024-05-29,368217,Inactive
500136,1058,114,Savings,2020-10-30,298058,Active
500137,1474,104,Savings,2024-05-28,150995,Inactive
500138,1450,114,Current,2022-02-23,344297,Inactive
500139,1293,120,Current,2020-03-17,91282,Inactive
500140,1207,105,Current,2020-03-20,208509,Inactive
500141,1354,108,Savings,2024-03-07,250151,Inactive
500142,1460,112,Savings,2021-11-22,429545,Inactive
500143,1160,109,Current,2024-10-23,366000,Active
500144,1498,108,Savings,2021-09-07,390925,Inactive
500145,1397,111,Current,2024-02-01,219508,Active
500146,1097,115,Savings,2025-02-13,432997,Inactive
500147,1380,116,Current,2024-08-08,30468,Active
500148,1034,110,Current,2020-10-04,410215,Active
500149,1089,107,Savings,2024-09-10,31213,Active
500150,1017,115,Savings,2025-02-23,189940,Active
500151,1141,112,Current,2022-10-31,209112,Active
500152,1349,101,Savings,2022-02-01,257265,Inactive
500153,1091,116,Current,2021-12-06,86728,Inactive
500154,1384,103,Current,2020-02-26,203671,Active
500155,1084,119,Savings,2024-10-21,117051,Active
500156,1347,107,Current,2023-08-27,215699,Active
500157,1443,101,Current,2025-02-09,70370,Active
500158,1308,101,Savings,2021-05-31,319947,Inactive
500159,1365,109,Current,2025-01-07,198381,Inactive
500160,1236,109,Savings,2022-08-13,159411,Inactive
500161,1300,104,Savings,2022-11-13,348265,Inactive
500162,1288,120,Current,2021-09-03,359829,Active
500163,1247,103,Current,2021-07-20,336856,Inactive
500164,1442,109,Current,2023-09-05,373817,Inactive
500165,1097,105,Savings,2025-01-16,30766,Inactive
500166,1339,111,Savings,2024-01-17,14345,Inactive
500167,1152,109,Current,2022-04-08,204567,Active
500168,1299,119,Savings,2021-12-03,381921,Active
500169,1352,118,Current,2025-01-30,494180,Inactive
500170,1260,110,Savings,2024-09-17,345779,Active
500171,1151,104,Current,2020-09-19,389454,Inactive
500172,1372,118,Savings,2025-04-23,357365,Inactive
500173,1336,103,Savings,2021-12-28,118088,Inactive
500174,1216,111,Current,2021-06-17,308007,Inactive
500175,1238,104,Current,2020-04-19,455239,Active
500176,1242,107,Savings,2024-11-11,357881,Inactive
500177,1272,110,Current,2020-04-20,457575,Active
500178,1071,107,Current,2022-04-18,299531,Inactive
500179,1074,111,Savings,2024-05-14,43368,Inactive
500180,1171,106,Current,2023-07-23,31415,Active
500181,1232,109,Savings,2024-04-07,406558,Active
500182,1296,106,Current,2024-05-27,401330,Active
500183,1067,120,Current,2023-07-21,226134,Inactive
500184,1220,116,Current,2020-01-10,20778,Active
500185,1375,112,Savings,2024-12-31,169932,Active
500186,1010,101,Savings,2021-04-08,364606,Inactive
500187,1160,105,Savings,2022-02-24,264893,Inactive
500188,1086,103,Savings,2021-09-02,498267,Inactive
500189,1234,117,Current,2022-06-07,466554,Active
500190,1176,116,Current,2024-03-16,99789,Active
500191,1486,113,Savings,2021-04-12,118608,Active
500192,1109,101,Savings,2020-09-09,193199,Active
500193,1193,109,Savings,2023-05-01,26145,Active
500194,1335,101,Savings,2023-11-13,61707,Inactive
500195,1228,113,Savings,2023-01-25,133507,Inactive
500196,1360,105,Savings,2023-11-24,360525,Active
500197,1155,114,Savings,2023-09-18,273791,Inactive
500198,1319,120,Savings,2022-05-07,436501,Active
500199,1262,120,Savings,2021-08-01,60775,Active
500200,1255,107,Savings,2024-05-12,138884,Active
500201,1184,114,Current,2020-11-24,21659,Inactive
500202,1467,107,Current,2021-11-08,123948,Active
500203,1007,103,Savings,2024-09-06,302021,Inactive
500204,1077,103,Savings,2024-01-21,380362,Active
500205,1464,109,Savings,2022-07-24,156200,Inactive
500206,1238,102,Savings,2024-07-23,92594,Active
500207,1437,110,Current,2024-06-29,355820,Inactive
500208,1219,104,Savings,2024-10-09,398517,Active
500209,1005,105,Savings,2021-11-04,188447,Inactive
500210,1490,120,Current,2024-12-04,385338,Active
500211,1191,111,Savings,2020-08-21,211122,Inactive
500212,1493,115,Current,2024-09-07,203226,Inactive
500213,1410,114,Savings,2020-08-19,70474,Active
500214,1483,106,Savings,2022-05-02,478745,Inactive
500215,1411,119,Current,2021-01-06,321509,Inactive
500216,1399,112,Savings,2024-11-01,359856,Active
500217,1248,116,Savings,2024-12-22,216631,Inactive
500218,1024,103,Current,2023-09-03,165751,Active
500219,1361,117,Savings,2025-05-11,352191,Inactive
500220,1266,117,Savings,2022-06-05,347928,Active
500221,1247,112,Current,2020-10-31,440894,Active
500222,1006,106,Current,2024-10-10,260960,Active
500223,1039,116,Current,2021-05-08,174484,Inactive
500224,1026,117,Savings,2023-02-01,338283,Inactive
500225,1207,108,Savings,2022-07-29,233882,Inactive
500226,1046,116,Current,2021-10-09,63236,Inactive
500227,1382,101,Savings,2022-04-06,217184,Active
500228,1286,118,Savings,2024-08-18,48655,Inactive
500229,1456,117,Savings,2023-09-02,353045,Inactive
500230,1487,111,Current,2024-08-17,29455,Active
500231,1433,115,Current,2023-02-21,403347,Inactive
500232,1367,112,Current,2020-08-21,52085,Active
500233,1002,111,Current,2024-08-26,333220,Inactive
500234,1281,117,Current,2023-12-08,56743,Active
500235,1460,106,Current,2020-10-14,431880,Inactive
500236,1055,109,Savings,2021-01-19,64305,Inactive
500237,1111,115,Savings,2024-01-07,178174,Active
500238,1388,114,Savings,2025-03-12,333000,Active
500239,1396,115,Current,2023-09-10,309971,Active
500240,1494,116,Savings,2022-12-22,386988,Active
500241,1284,114,Current,2025-03-08,267512,Active
500242,1355,119,Savings,2024-02-05,428422,Active
500243,1054,113,Current,2022-10-29,463102,Inactive
500244,1215,120,Savings,2021-07-14,209598,Inactive
500245,1497,110,Current,2024-07-06,70925,Active
500246,1212,120,Current,2024-09-22,368785,Inactive
500247,1365,118,Savings,2021-02-15,110949,Inactive
500248,1352,112,Savings,2023-12-25,341832,Active
500249,1258,118,Current,2023-12-25,61505,Inactive
500250,1288,116,Current,2023-10-12,393098,Inactive
500251,1450,114,Savings,2022-12-06,56821,Active
500252,1196,105,Savings,2023-10-04,30677,Active
500253,1137,106,Current,2023-10-31,132366,Active
500254,1430,102,Current,2021-02-21,396100,Active
500255,1184,115,Savings,2023-06-15,456100,Active
500256,1381,118,Current,2021-05-01,268870,Inactive
500257,1355,102,Current,2022-03-04,219400,Inactive
500258,1495,118,Savings,2020-01-27,390897,Inactive
500259,1104,120,Current,2024-08-26,119252,Inactive
500260,1387,119,Savings,2024-05-08,381063,Active
500261,1151,115,Savings,2023-10-30,40043,Active
500262,1493,106,Savings,2022-02-11,22304,Inactive
500263,1143,118,Current,2020-09-23,85373,Inactive
500264,1003,111,Current,2023-12-24,492517,Active
500265,1021,105,Current,2023-05-07,27662,Inactive
500266,1252,119,Current,2020-05-29,412058,Inactive
500267,1270,108,Savings,2022-12-02,36744,Active
500268,1213,118,Current,2020-07-07,184187,Active
500269,1453,107,Current,2021-11-09,190161,Inactive
500270,1112,120,Current,2023-02-23,432849,Active
500271,1059,112,Current,2021-05-07,475216,Active
500272,1491,102,Current,2022-02-20,481212,Active
500273,1198,109,Current,2020-02-20,478802,Inactive
500274,1264,117,Current,2022-09-23,23990,Inactive
500275,1460,107,Current,2022-11-18,44172,Active
500276,1086,118,Savings,2023-07-07,35326,Active
500277,1344,107,Current,2024-09-07,55487,Active
500278,1276,114,Savings,2024-03-09,360684,Active
500279,1013,115,Current,2020-03-18,46886,Active
500280,1028,106,Current,2023-02-16,37931,Active
500281,1467,109,Current,2022-03-05,237519,Inactive
500282,1222,111,Savings,2022-03-08,354002,Active
500283,1274,101,Savings,2024-03-28,392093,Active
500284,1359,103,Current,2025-03-15,264631,Active
500285,1149,110,Savings,2021-07-30,402224,Inactive
500286,1196,113,Savings,2022-08-28,82958,Active
500287,1070,113,Current,2025-05-20,333422,Active
500288,1153,112,Savings,2023-02-07,459629,Active
500289,1064,102,Savings,2023-03-18,313818,Inactive
500290,1276,118,Savings,2021-09-16,111128,Inactive
500291,1109,114,Savings,2020-11-25,97465,Active
500292,1316,109,Savings,2020-08-22,96083,Active
500293,1436,118,Current,2023-08-13,289182,Active
500294,1149,103,Current,2020-07-20,104503,Inactive
500295,1488,111,Current,2020-09-19,352952,Active
500296,1052,110,Savings,2025-01-17,102448,Inactive
500297,1249,115,Current,2023-06-16,346727,Inactive
500298,1356,119,Savings,2023-03-04,298198,Inactive
500299,1414,111,Current,2020-12-11,3533,Inactive
500300,1127,108,Current,2021-07-20,441459,Inactive
500301,1069,111,Current,2022-08-05,234495,Inactive
500302,1397,110,Current,2023-02-03,58059,Active
500303,1331,120,Savings,2024-09-19,148123,Active
500304,1457,118,Savings,2021-06-23,385588,Active
500305,1373,103,Savings,2024-10-05,266907,Active
500306,1417,119,Current,2024-04-24,310348,Active
500307,1465,102,Current,2023-01-18,469706,Inactive
500308,1335,105,Current,2022-03-14,118076,Inactive
500309,1069,115,Savings,2022-03-23,191770,Active
500310,1340,108,Savings,2024-03-30,270555,Active
500311,1229,106,Savings,2023-03-05,498398,Active
500312,1377,116,Current,2020-03-23,115724,Inactive
500313,1119,103,Current,2022-01-26,123693,Active
500314,1343,107,Current,2022-03-05,247244,Inactive
500315,1452,102,Savings,2023-08-21,170906,Active
500316,1361,117,Current,2024-09-05,389974,Inactive
500317,1297,118,Savings,2022-02-10,343714,Inactive
500318,1188,119,Savings,2022-11-24,132903,Inactive
500319,1499,108,Current,2021-12-23,429467,Inactive
500320,1250,116,Savings,2022-10-24,463439,Active
500321,1226,106,Savings,2020-06-06,270767,Inactive
500322,1109,105,Savings,2020-11-18,190909,Active
500323,1339,108,Current,2024-07-19,174132,Active
500324,1247,116,Current,2021-03-07,310744,Active
500325,1332,114,Savings,2021-05-14,23620,Active
500326,1294,119,Savings,2020-10-02,331060,Active
500327,1457,119,Savings,2020-04-24,88210,Inactive
500328,1473,106,Current,2023-05-12,296491,Active
500329,1450,110,Savings,2021-03-19,236511,Inactive
500330,1445,116,Savings,2021-03-25,436349,Inactive
500331,1308,105,Savings,2023-06-30,346845,Inactive
500332,1086,111,Current,2023-05-06,310642,Active
500333,1118,113,Current,2020-09-27,57922,Active
500334,1104,117,Current,2024-08-19,79413,Active
500335,1091,116,Savings,2024-12-02,411972,Active
500336,1048,116,Savings,2025-01-21,317394,Active
500337,1460,114,Current,2022-01-28,459659,Active
500338,1358,117,Current,2021-04-14,493003,Inactive
500339,1405,113,Current,2023-04-21,422853,Active
500340,1218,105,Current,2022-09-04,402530,Active
500341,1466,103,Current,2023-05-10,460678,Inactive
500342,1132,107,Savings,2023-12-23,390884,Active
500343,1296,117,Savings,2022-11-30,4771,Inactive
500344,1336,107,Current,2022-04-17,190933,Active
500345,1080,114,Current,2021-06-19,449254,Inactive
500346,1290,112,Current,2023-10-25,209380,Active
500347,1212,118,Current,2021-01-01,195098,Inactive
500348,1130,110,Current,2024-05-04,370882,Inactive
500349,1377,105,Savings,2024-03-11,121466,Inactive
500350,1401,106,Savings,2021-03-15,267518,Inactive
500351,1403,111,Savings,2020-11-25,205002,Active
500352,1412,103,Savings,2022-08-23,486418,Inactive
500353,1046,103,Current,2021-03-30,195424,Active
500354,1312,102,Current,2025-03-21,211053,Inactive
500355,1365,120,Savings,2025-04-20,406593,Active
500356,1328,116,Current,2020-01-22,106752,Inactive
500357,1100,102,Savings,2023-06-13,89857,Active
500358,1185,108,Savings,2025-06-21,83546,Active
500359,1142,113,Current,2023-10-03,208168,Inactive
500360,1301,107,Savings,2024-02-18,369900,Active
500361,1471,103,Current,2024-01-27,436035,Inactive
500362,1178,109,Savings,2023-05-26,102987,Inactive
500363,1477,113,Savings,2021-06-18,92768,Inactive
500364,1260,104,Savings,2022-10-27,155272,Inactive
500365,1485,104,Current,2024-11-29,283016,Inactive
500366,1356,115,Current,2023-02-27,254561,Active
500367,1388,111,Current,2023-10-27,242550,Active
500368,1247,104,Current,2020-05-18,201630,Active
500369,1347,108,Current,2022-04-24,186124,Active
500370,1359,109,Savings,2021-08-11,49763,Inactive
500371,1345,111,Savings,2023-02-09,489319,Active
500372,1244,111,Current,2021-03-23,469879,Inactive
500373,1094,107,Current,2024-02-18,105682,Active
500374,1377,108,Current,2021-02-27,121170,Active
500375,1428,108,Current,2020-11-15,409388,Active
500376,1062,103,Current,2023-06-11,4472,Active
500377,1435,116,Current,2023-06-25,166369,Inactive
500378,1460,119,Current,2022-10-02,96877,Inactive
500379,1204,108,Savings,2020-04-20,276636,Inactive
500380,1245,118,Savings,2022-10-26,183079,Inactive
500381,1441,106,Current,2025-06-22,64107,Inactive
500382,1162,101,Savings,2023-10-12,111494,Inactive
500383,1298,104,Current,2022-01-10,322272,Inactive
500384,1096,118,Current,2021-04-30,142247,Inactive
500385,1491,120,Current,2022-01-19,97423,Inactive
500386,1218,107,Current,2023-12-06,395367,Inactive
500387,1187,113,Current,2022-07-12,95313,Active
500388,1295,108,Savings,2024-01-16,142531,Active
500389,1285,114,Current,2021-02-05,77464,Active
500390,1243,101,Savings,2022-05-13,262933,Active
500391,1458,117,Current,2024-05-27,256129,Inactive
500392,1129,118,Savings,2022-03-26,52891,Active
500393,1031,107,Current,2022-09-02,440862,Active
500394,1231,111,Current,2022-01-09,189904,Inactive
500395,1177,101,Current,2020-09-05,185072,Active
500396,1296,119,Savings,2024-05-17,150216,Inactive
500397,1167,117,Current,2024-05-05,387151,Inactive
500398,1456,103,Current,2023-06-10,151220,Inactive
500399,1324,105,Savings,2023-08-04,424476,Inactive
500400,1216,120,Current,2024-10-04,476567,Active
500401,1041,106,Current,2021-04-12,165354,Inactive
500402,1335,110,Current,2023-05-24,338979,Inactive
500403,1139,115,Current,2024-03-11,308714,Inactive
500404,1212,106,Savings,2024-10-15,13111,Active
500405,1373,108,Current,2025-04-10,391004,Active
500406,1108,106,Current,2020-07-29,51097,Active
500407,1480,116,Savings,2020-02-23,405191,Inactive
500408,1269,103,Savings,2021-06-21,325063,Active
500409,1044,113,Current,2021-04-14,130707,Inactive
500410,1227,105,Savings,2022-12-14,440624,Active
500411,1015,102,Current,2024-10-28,480866,Inactive
500412,1443,116,Current,2025-06-19,457601,Inactive
500413,1281,115,Savings,2025-06-08,498279,Active
500414,1303,120,Current,2023-07-16,393645,Inactive
500415,1269,118,Current,2025-02-04,183016,Inactive
500416,1277,108,Savings,2022-06-23,162411,Inactive
500417,1212,109,Savings,2021-09-13,6534,Active
500418,1268,105,Current,2021-08-10,246994,Active
500419,1353,116,Current,2021-09-05,5788,Inactive
500420,1409,110,Savings,2024-06-19,4784,Inactive
500421,1097,114,Current,2022-03-19,132017,Active
500422,1367,113,Current,2021-03-27,138877,Active
500423,1217,108,Current,2021-08-06,340978,Inactive
500424,1212,107,Savings,2021-01-08,72630,Inactive
500425,1057,115,Current,2021-07-11,368249,Inactive
500426,1097,111,Savings,2020-11-07,27021,Active
500427,1096,104,Current,2021-07-05,66556,Inactive
500428,1373,101,Savings,2020-07-03,80001,Active
500429,1253,107,Current,2022-05-10,164355,Inactive
500430,1191,115,Savings,2021-11-07,43060,Active
500431,1029,109,Current,2020-05-26,285789,Inactive
500432,1093,107,Current,2024-07-31,201056,Active
500433,1063,108,Current,2024-04-28,233239,Active
500434,1378,102,Savings,2022-08-01,386520,Active
500435,1267,107,Current,2022-03-07,358272,Inactive
500436,1480,111,Savings,2023-07-12,382805,Active
500437,1382,118,Savings,2021-06-02,253302,Inactive
500438,1102,112,Savings,2024-11-03,350540,Active
500439,1499,104,Savings,2023-07-20,228625,Inactive
500440,1008,106,Current,2023-04-12,63730,Inactive
500441,1405,108,Savings,2025-06-07,23016,Inactive
500442,1353,120,Savings,2022-01-30,405119,Active
500443,1128,106,Current,2020-07-06,360632,Inactive
500444,1477,102,Savings,2021-12-29,338942,Active
500445,1360,118,Savings,2020-09-14,256770,Active
500446,1163,118,Current,2024-07-07,468557,Inactive
500447,1376,107,Savings,2023-11-12,199059,Inactive
500448,1371,105,Current,2025-01-14,21703,Inactive
500449,1362,115,Current,2023-01-16,366448,Inactive
500450,1098,119,Savings,2023-01-18,183276,Inactive
500451,1375,115,Current,2024-11-11,436866,Active
500452,1036,117,Savings,2022-07-09,156017,Inactive
500453,1278,112,Current,2020-01-02,407804,Inactive
500454,1376,106,Savings,2023-06-23,450225,Inactive
500455,1398,120,Savings,2021-10-18,379013,Active
500456,1338,118,Current,2021-01-23,275763,Inactive
500457,1393,118,Savings,2023-06-09,149441,Inactive
500458,1210,111,Savings,2020-07-16,275307,Active
500459,1023,105,Savings,2024-11-23,17396,Active
500460,1055,116,Savings,2020-07-21,17681,Inactive
500461,1337,116,Current,2020-04-10,193075,Active
500462,1311,103,Savings,2025-03-20,483887,Active
500463,1336,116,Savings,2022-08-16,420965,Active
500464,1185,118,Current,2024-08-10,194498,Active
500465,1422,120,Current,2022-12-19,22313,Active
500466,1428,110,Savings,2025-04-18,114193,Active
500467,1052,108,Current,2021-01-23,102250,Active
500468,1292,106,Current,2024-03-08,56319,Inactive
500469,1346,115,Current,2024-12-13,55579,Active
500470,1406,106,Current,2022-10-30,177953,Active
500471,1274,120,Current,2025-03-26,185719,Inactive
500472,1282,111,Current,2022-04-24,401652,Inactive
500473,1423,111,Savings,2023-02-27,287065,Active
500474,1193,118,Current,2022-01-07,238189,Inactive
500475,1492,113,Savings,2024-01-27,19173,Inactive
500476,1306,101,Savings,2024-12-28,159251,Active
500477,1154,108,Savings,2024-10-18,166100,Active
500478,1396,109,Savings,2020-07-12,20784,Inactive
500479,1183,105,Savings,2021-06-26,193457,Active
500480,1120,109,Current,2020-07-07,300099,Inactive
500481,1292,107,Savings,2024-01-21,171232,Inactive
500482,1089,116,Savings,2023-05-04,337726,Inactive
500483,1020,119,Current,2020-06-09,410008,Active
500484,1472,111,Current,2024-12-06,429417,Inactive
500485,1214,104,Savings,2024-03-11,343244,Active
500486,1325,113,Savings,2021-09-16,275927,Active
500487,1164,118,Savings,2021-10-31,264403,Active
500488,1079,102,Current,2025-06-11,234631,Active
500489,1114,114,Current,2024-05-29,207738,Active
500490,1068,111,Savings,2022-09-01,300599,Active
500491,1281,113,Current,2020-06-23,209942,Inactive
500492,1397,105,Savings,2022-09-11,294232,Active
500493,1250,113,Savings,2023-02-23,323959,Active
500494,1125,103,Current,2024-05-09,226478,Inactive
500495,1351,119,Savings,2020-08-18,353189,Inactive
500496,1217,112,Current,2021-01-25,169159,Inactive
500497,1305,101,Current,2020-12-12,184352,Inactive
500498,1320,105,Current,2020-04-01,485553,Active
500499,1103,112,Savings,2024-03-31,382936,Active
500500,1058,102,Savings,2025-04-27,326584,Active
500501,1445,110,Savings,2021-12-04,364748,Active
500502,1157,115,Current,2020-02-16,174998,Active
500503,1379,118,Savings,2021-02-21,287483,Inactive
500504,1281,116,Savings,2023-11-24,367348,Active
500505,1193,119,Savings,2021-06-07,90296,Active
500506,1146,107,Current,2020-04-18,244773,Active
500507,1035,113,Current,2023-09-19,447736,Inactive
500508,1443,104,Savings,2021-08-22,455772,Inactive
500509,1119,113,Savings,2025-01-25,166389,Inactive
500510,1444,120,Savings,2021-01-16,105267,Inactive
500511,1288,101,Savings,2021-05-21,484535,Inactive
500512,1171,116,Current,2024-03-04,83315,Active
500513,1178,112,Current,2023-07-04,159506,Active
500514,1257,109,Savings,2023-07-05,136098,Inactive
500515,1456,101,Current,2021-04-06,80538,Inactive
500516,1460,113,Savings,2020-06-28,383672,Inactive
500517,1267,120,Savings,2022-05-04,127018,Active
500518,1219,110,Current,2022-07-08,285286,Active
500519,1106,105,Savings,2024-11-01,73409,Inactive
500520,1353,117,Savings,2022-05-30,477578,Active
500521,1336,119,Savings,2021-10-12,36554,Active
500522,1095,111,Savings,2024-01-29,16457,Inactive
500523,1451,114,Current,2021-09-13,233261,Inactive
500524,1078,107,Savings,2020-09-26,97860,Active
500525,1391,120,Current,2023-05-25,298293,Active
500526,1306,108,Savings,2023-11-08,14675,Inactive
500527,1041,116,Savings,2022-10-25,444620,Inactive
500528,1365,112,Savings,2024-10-11,204140,Inactive
500529,1243,105,Savings,2021-01-30,119632,Active
500530,1210,101,Current,2025-04-30,217554,Active
500531,1381,107,Savings,2020-05-15,93839,Inactive
500532,1444,120,Current,2023-11-09,171338,Inactive
500533,1455,108,Current,2022-04-09,407960,Active
500534,1312,113,Current,2022-03-18,321604,Active
500535,1267,104,Current,2022-07-24,434591,Active
500536,1450,108,Current,2024-02-14,21579,Inactive
500537,1265,102,Savings,2021-08-19,231452,Inactive
500538,1453,110,Current,2022-08-02,88286,Inactive
500539,1151,120,Savings,2023-11-14,272040,Active
500540,1238,115,Savings,2024-01-19,263488,Active
500541,1093,119,Savings,2022-03-16,217824,Inactive
500542,1231,101,Savings,2022-07-18,310495,Active
500543,1452,115,Savings,2021-05-27,170908,Active
500544,1368,104,Savings,2020-08-21,371266,Inactive
500545,1325,112,Savings,2022-12-08,371817,Inactive
500546,1373,117,Savings,2022-02-14,289539,Inactive
500547,1023,106,Current,2023-03-04,457814,Active
500548,1084,105,Savings,2024-04-24,374317,Active
500549,1215,110,Current,2024-02-04,403983,Inactive
500550,1148,106,Savings,2025-01-14,69981,Active
500551,1002,120,Current,2020-01-26,241460,Inactive
500552,1438,116,Savings,2023-05-30,463790,Inactive
500553,1122,107,Current,2022-07-18,216037,Inactive
500554,1041,120,Savings,2021-05-16,463510,Inactive
500555,1318,118,Savings,2020-04-10,97909,Active
500556,1029,112,Savings,2020-10-24,448652,Active
500557,1342,119,Current,2021-11-09,483546,Active
500558,1026,104,Current,2020-12-31,85586,Inactive
500559,1313,120,Savings,2025-06-01,239728,Inactive
500560,1477,102,Savings,2024-04-22,157916,Inactive
500561,1189,113,Savings,2024-04-02,225040,Active
500562,1150,116,Savings,2020-09-06,365180,Inactive
500563,1169,117,Current,2022-12-10,111019,Active
500564,1314,102,Savings,2023-03-16,383587,Active
500565,1248,120,Current,2022-05-24,320209,Inactive
500566,1133,117,Current,2025-03-13,69007,Inactive
500567,1267,116,Current,2024-07-12,95323,Active
500568,1363,110,Savings,2020-01-04,62974,Active
500569,1239,104,Savings,2024-06-25,323598,Inactive
500570,1212,102,Current,2021-12-17,294819,Active
500571,1006,107,Current,2021-06-05,415290,Active
500572,1158,110,Current,2024-04-19,4214,Active
500573,1352,111,Current,2022-03-22,380792,Active
500574,1427,106,Savings,2021-11-07,438164,Inactive
500575,1473,116,Current,2024-06-20,19642,Active
500576,1247,105,Current,2024-12-31,454626,Inactive
500577,1237,114,Savings,2024-09-06,274192,Inactive
500578,1290,111,Savings,2021-03-02,303722,Inactive
500579,1410,112,Savings,2025-06-08,79278,Inactive
500580,1431,101,Current,2022-02-07,329472,Active
500581,1293,120,Current,2021-01-18,313051,Active
500582,1443,110,Current,2023-12-24,17582,Inactive
500583,1212,103,Current,2024-12-01,125592,Inactive
500584,1232,110,Savings,2022-12-11,159501,Active
500585,1058,112,Savings,2024-05-11,106957,Active
500586,1228,117,Savings,2024-06-24,254054,Active
500587,1098,111,Current,2024-02-09,459164,Inactive
500588,1398,111,Savings,2024-04-24,458073,Active
500589,1421,117,Savings,2021-02-24,380883,Active
500590,1236,113,Savings,2020-01-09,164043,Active
500591,1352,120,Savings,2021-11-13,245777,Active
500592,1053,117,Current,2020-02-16,303807,Inactive
500593,1328,107,Current,2021-02-14,101949,Inactive
500594,1142,118,Current,2024-05-01,232271,Active
500595,1140,105,Savings,2021-07-14,61010,Active
500596,1491,120,Savings,2021-02-27,285441,Inactive
500597,1282,111,Current,2020-10-16,495549,Inactive
500598,1294,108,Savings,2020-05-25,164251,Inactive
500599,1277,115,Savings,2020-09-23,16200,Inactive
500600,1463,102,Savings,2022-02-24,29206,Active
500601,1219,113,Savings,2023-12-14,313539,Inactive
500602,1316,112,Current,2021-11-11,429575,Active
500603,1366,118,Savings,2025-06-17,484804,Inactive
500604,1291,105,Savings,2024-07-22,421662,Inactive
500605,1050,115,Current,2023-11-02,338860,Inactive
500606,1241,108,Savings,2020-10-21,452462,Inactive
500607,1468,112,Current,2021-01-10,367799,Inactive
500608,1404,111,Current,2022-09-25,16867,Active
500609,1244,104,Current,2022-09-07,242823,Active
500610,1145,112,Savings,2022-11-06,54966,Inactive
500611,1419,104,Current,2023-02-12,341499,Active
500612,1406,110,Current,2022-03-31,310610,Inactive
500613,1123,120,Savings,2023-01-27,84372,Inactive
500614,1197,103,Current,2021-03-02,427726,Inactive
500615,1402,114,Current,2023-01-20,364925,Active
500616,1089,103,Current,2020-08-22,311464,Inactive
500617,1167,118,Savings,2024-08-10,234421,Active
500618,1158,113,Savings,2023-05-10,58013,Inactive
500619,1168,116,Savings,2020-07-04,115091,Active
500620,1455,119,Savings,2024-03-30,77926,Active
500621,1232,118,Current,2022-03-09,323737,Inactive
500622,1101,107,Current,2021-09-05,299989,Inactive
500623,1471,114,Current,2020-07-01,306516,Active
500624,1314,117,Current,2024-10-01,67875,Inactive
500625,1032,112,Savings,2020-01-02,369760,Inactive
500626,1057,110,Savings,2021-04-26,227343,Inactive
500627,1321,111,Current,2022-04-11,201049,Inactive
500628,1280,107,Savings,2022-08-30,73912,Active
500629,1285,113,Current,2024-09-16,219751,Active
500630,1148,105,Savings,2020-01-24,38615,Active
500631,1074,116,Current,2025-06-19,72185,Active
500632,1071,114,Current,2025-01-04,414625,Inactive
500633,1320,106,Current,2022-11-09,223363,Inactive
500634,1197,112,Savings,2021-01-15,223702,Active
500635,1296,116,Savings,2023-12-29,264050,Inactive
500636,1211,118,Current,2020-03-09,20852,Inactive
500637,1361,112,Savings,2023-04-03,253461,Active
500638,1073,117,Current,2022-08-10,272030,Active
500639,1268,120,Savings,2021-05-17,248700,Active
500640,1351,118,Current,2023-06-09,28668,Inactive
500641,1274,101,Current,2022-07-18,269783,Inactive
500642,1294,111,Current,2021-12-23,419498,Inactive
500643,1149,106,Savings,2023-11-24,484846,Inactive
500644,1373,119,Current,2020-05-05,330934,Inactive
500645,1297,106,Savings,2023-09-06,153962,Active
500646,1147,116,Savings,2020-09-16,266077,Active
500647,1436,109,Current,2020-09-28,323855,Inactive
500648,1141,109,Savings,2024-02-27,59484,Active
500649,1466,119,Savings,2023-09-11,235174,Inactive
500650,1414,106,Current,2024-05-21,368407,Active
500651,1249,106,Savings,2021-12-03,45250,Active
500652,1305,105,Current,2024-03-21,217503,Inactive
500653,1122,115,Savings,2021-03-07,303911,Inactive
500654,1028,109,Savings,2020-04-17,88870,Inactive
500655,1205,116,Current,2022-09-02,392197,Active
500656,1195,113,Current,2021-06-21,77100,Inactive
500657,1007,110,Current,2022-02-21,356725,Inactive
500658,1493,117,Savings,2020-07-18,482145,Inactive
500659,1490,114,Current,2021-11-17,142728,Inactive
500660,1411,104,Current,2023-09-02,307276,Inactive
500661,1237,108,Savings,2022-11-30,177898,Active
500662,1161,118,Savings,2023-10-09,5443,Active
500663,1007,114,Savings,2022-12-11,55477,Inactive
500664,1180,108,Current,2021-05-30,102229,Active
500665,1013,120,Savings,2020-04-26,493047,Active
500666,1487,120,Savings,2023-12-21,63902,Active
500667,1439,120,Savings,2022-02-08,345139,Active
500668,1459,104,Savings,2021-06-02,155438,Inactive
500669,1339,103,Current,2025-03-04,145904,Inactive
500670,1355,111,Current,2020-11-27,410328,Active
500671,1142,102,Current,2022-03-06,175406,Active
500672,1133,109,Savings,2022-06-21,37384,Inactive
500673,1476,107,Current,2020-12-31,339419,Inactive
500674,1056,105,Current,2021-03-23,322895,Active
500675,1468,115,Current,2020-07-30,19277,Active
500676,1037,119,Current,2024-05-10,234770,Active
500677,1460,116,Savings,2023-08-30,336720,Active
500678,1478,102,Current,2021-06-29,80485,Inactive
500679,1464,113,Savings,2022-11-21,371989,Inactive
500680,1245,114,Current,2024-09-24,382559,Active
500681,1277,108,Savings,2022-02-26,362371,Inactive
500682,1063,119,Current,2021-11-13,358478,Inactive
500683,1206,102,Savings,2022-01-18,281298,Inactive
500684,1042,115,Current,2023-08-19,107493,Active
500685,1284,102,Current,2023-09-15,101140,Inactive
500686,1357,113,Savings,2023-07-15,362151,Inactive
500687,1250,103,Current,2024-02-14,100333,Active
500688,1019,107,Savings,2024-01-14,311874,Active
500689,1251,113,Savings,2024-06-11,284404,Inactive
500690,1256,118,Current,2025-06-02,9607,Active
500691,1174,102,Current,2024-06-01,379017,Active
500692,1208,104,Savings,2024-07-10,343805,Inactive
500693,1482,118,Savings,2024-02-26,304744,Active
500694,1474,103,Savings,2024-02-15,75234,Inactive
500695,1335,101,Current,2025-01-31,482306,Active
500696,1125,105,Savings,2020-12-18,332696,Active
500697,1464,110,Savings,2022-07-23,321458,Active
500698,1428,119,Savings,2024-08-01,429589,Active
500699,1059,116,Savings,2020-05-09,422765,Active
500700,1219,111,Current,2021-10-26,64335,Active
