BranchID,BranchName,City,State,IFSC
101,Mumbai Branch 1,Mumbai,Maharashtra,IFSC1001
102,Pune Branch 2,Pune,Maharashtra,IFSC1002
103,Delhi Branch 3,Delhi,Delhi,IFSC1003
104,Bangalore Branch 4,Bangalore,Karnataka,IFSC1004
105,Hyderabad Branch 5,Hyderabad,Telangana,IFSC1005
106,Mumbai Branch 6,Mumbai,Maharashtra,IFSC1006
107,Pune Branch 7,Pune,Maharashtra,IFSC1007
108,Delhi Branch 8,Delhi,Delhi,IFSC1008
109,Bangalore Branch 9,Bangalore,Karnataka,IFSC1009
110,Hyderabad Branch 10,Hyderabad,Telangana,IFSC1010
111,Mumbai Branch 11,Mumbai,Maharashtra,IFSC1011
112,Pune Branch 12,Pune,Maharashtra,IFSC1012
113,Delhi Branch 13,Delhi,Delhi,IFSC1013
114,Bangalore Branch 14,Bangalore,Karnataka,IFSC1014
115,Hyderabad Branch 15,Hyderabad,Telangana,IFSC1015
116,Mumbai Branch 16,Mumbai,Maharashtra,IFSC1016
117,Pune Branch 17,Pune,Maharashtra,IFSC1017
118,Delhi Branch 18,Delhi,Delhi,IFSC1018
119,Bangalore Branch 19,Bangalore,Karnataka,IFSC1019
120,Hyderabad Branch 20,Hyderabad,Telangana,IFSC1020
