CustomerID,CustomerName,Gender,DOB,Mobile,Email,City,State,Occupation
1001,Customer 1,M,1998-05-08,9839958838,customer1@mail.com,Mumbai,Maharashtra,Teacher
1002,Customer 2,M,1993-07-02,9813999315,customer2@mail.com,Mumbai,Maharashtra,Engineer
1003,Customer 3,M,1991-10-01,9885329037,customer3@mail.com,Pune,Maharashtra,Teacher
1004,Customer 4,F,1982-08-19,9847338124,customer4@mail.com,Hyderabad,Telangana,Engineer
1005,Customer 5,F,1985-05-05,9838898923,customer5@mail.com,Pune,Maharashtra,Doctor
1006,Customer 6,M,1987-02-12,9856164955,customer6@mail.com,Mumbai,Maharashtra,Student
1007,Customer 7,M,1998-08-18,9826753883,customer7@mail.com,Delhi,Delhi,Business
1008,Customer 8,F,1995-10-28,9858537831,customer8@mail.com,Mumbai,Maharashtra,Student
1009,Customer 9,M,1976-11-08,9848840994,customer9@mail.com,Pune,Maharashtra,Engineer
1010,Customer 10,M,1987-05-15,9895320121,customer10@mail.com,Pune,Maharashtra,Doctor
1011,Customer 11,F,1986-04-22,9845833156,customer11@mail.com,Pune,Maharashtra,Banker
1012,Customer 12,M,1992-12-08,9831931511,customer12@mail.com,Mumbai,Maharashtra,Business
1013,Customer 13,F,1995-12-18,9839476249,customer13@mail.com,Bangalore,Karnataka,Banker
1014,Customer 14,M,1982-01-26,9852339391,customer14@mail.com,Delhi,Delhi,Business
1015,Customer 15,M,1981-10-23,9852235350,customer15@mail.com,Delhi,Delhi,Teacher
1016,Customer 16,F,1995-08-05,9845551614,customer16@mail.com,Bangalore,Karnataka,Teacher
1017,Customer 17,F,1998-10-14,9888320463,customer17@mail.com,Pune,Maharashtra,Business
1018,Customer 18,M,1979-09-16,9822201654,customer18@mail.com,Delhi,Delhi,Engineer
1019,Customer 19,M,1995-03-26,9866661351,customer19@mail.com,Mumbai,Maharashtra,Student
1020,Customer 20,F,1987-10-15,9881016525,customer20@mail.com,Mumbai,Maharashtra,Doctor
1021,Customer 21,M,1996-12-04,9882070937,customer21@mail.com,Hyderabad,Telangana,Doctor
1022,Customer 22,M,1984-07-06,9870897765,customer22@mail.com,Delhi,Delhi,Engineer
1023,Customer 23,M,1991-02-28,9893926371,customer23@mail.com,Delhi,Delhi,Doctor
1024,Customer 24,M,1979-06-25,9831682744,customer24@mail.com,Hyderabad,Telangana,Student
1025,Customer 25,M,1994-06-16,9812614124,customer25@mail.com,Hyderabad,Telangana,Engineer
1026,Customer 26,F,1982-01-08,9886149359,customer26@mail.com,Delhi,Delhi,Engineer
1027,Customer 27,F,1977-09-25,9826879290,customer27@mail.com,Mumbai,Maharashtra,Teacher
1028,Customer 28,M,1983-09-28,9891415657,customer28@mail.com,Bangalore,Karnataka,Business
1029,Customer 29,M,1997-05-13,9897225156,customer29@mail.com,Pune,Maharashtra,Doctor
1030,Customer 30,F,1978-04-08,9818593410,customer30@mail.com,Bangalore,Karnataka,Doctor
1031,Customer 31,M,1993-04-01,9819528530,customer31@mail.com,Mumbai,Maharashtra,Banker
1032,Customer 32,M,1977-01-28,9854349361,customer32@mail.com,Mumbai,Maharashtra,Engineer
1033,Customer 33,M,1983-11-16,9838754377,customer33@mail.com,Hyderabad,Telangana,Student
1034,Customer 34,F,1982-08-26,9864634663,customer34@mail.com,Pune,Maharashtra,Teacher
1035,Customer 35,M,1996-07-12,9866851760,customer35@mail.com,Mumbai,Maharashtra,Business
1036,Customer 36,M,1996-11-21,9823209423,customer36@mail.com,Bangalore,Karnataka,Engineer
1037,Customer 37,F,1978-04-07,9835529407,customer37@mail.com,Bangalore,Karnataka,Student
1038,Customer 38,M,1988-03-09,9872092888,customer38@mail.com,Bangalore,Karnataka,Teacher
1039,Customer 39,F,1992-02-02,9897529405,customer39@mail.com,Mumbai,Maharashtra,Student
1040,Customer 40,M,1999-04-06,9864547971,customer40@mail.com,Mumbai,Maharashtra,Business
1041,Customer 41,M,1987-01-06,9860864911,customer41@mail.com,Bangalore,Karnataka,Engineer
1042,Customer 42,F,1989-05-14,9884593961,customer42@mail.com,Bangalore,Karnataka,Banker
1043,Customer 43,M,1981-05-07,9817849494,customer43@mail.com,Bangalore,Karnataka,Student
1044,Customer 44,M,1998-06-02,9816729990,customer44@mail.com,Hyderabad,Telangana,Student
1045,Customer 45,M,1976-09-03,9834941004,customer45@mail.com,Bangalore,Karnataka,Engineer
1046,Customer 46,M,1996-04-13,9826090908,customer46@mail.com,Hyderabad,Telangana,Student
1047,Customer 47,M,1994-02-14,9898231132,customer47@mail.com,Pune,Maharashtra,Student
1048,Customer 48,F,1983-04-22,9852169044,customer48@mail.com,Hyderabad,Telangana,Teacher
1049,Customer 49,F,1979-11-21,9850264926,customer49@mail.com,Delhi,Delhi,Business
1050,Customer 50,M,1975-08-20,9885563727,customer50@mail.com,Delhi,Delhi,Engineer
1051,Customer 51,M,1991-05-05,9856843172,customer51@mail.com,Mumbai,Maharashtra,Engineer
1052,Customer 52,F,1984-03-15,9882909480,customer52@mail.com,Pune,Maharashtra,Banker
1053,Customer 53,M,1996-09-10,9899038526,customer53@mail.com,Delhi,Delhi,Engineer
1054,Customer 54,F,1978-02-24,9884252420,customer54@mail.com,Pune,Maharashtra,Teacher
1055,Customer 55,F,1994-04-23,9856020613,customer55@mail.com,Delhi,Delhi,Teacher
1056,Customer 56,F,1983-01-03,9895132217,customer56@mail.com,Delhi,Delhi,Business
1057,Customer 57,M,1975-06-25,9827558317,customer57@mail.com,Delhi,Delhi,Banker
1058,Customer 58,M,1998-08-18,9867403166,customer58@mail.com,Delhi,Delhi,Student
1059,Customer 59,M,1977-12-05,9883227889,customer59@mail.com,Mumbai,Maharashtra,Engineer
1060,Customer 60,M,1988-03-02,9851373735,customer60@mail.com,Delhi,Delhi,Doctor
1061,Customer 61,F,1981-11-08,9899514287,customer61@mail.com,Mumbai,Maharashtra,Engineer
1062,Customer 62,F,1994-12-05,9841774346,customer62@mail.com,Delhi,Delhi,Teacher
1063,Customer 63,F,1975-03-24,9854585178,customer63@mail.com,Pune,Maharashtra,Business
1064,Customer 64,F,1980-12-04,9861343880,customer64@mail.com,Pune,Maharashtra,Engineer
1065,Customer 65,M,1981-08-12,9850962024,customer65@mail.com,Bangalore,Karnataka,Teacher
1066,Customer 66,M,1996-04-13,9854058573,customer66@mail.com,Pune,Maharashtra,Doctor
1067,Customer 67,F,1986-11-17,9863643924,customer67@mail.com,Mumbai,Maharashtra,Banker
1068,Customer 68,F,1975-02-09,9833966966,customer68@mail.com,Hyderabad,Telangana,Student
1069,Customer 69,M,1978-10-14,9856397338,customer69@mail.com,Delhi,Delhi,Banker
1070,Customer 70,F,1994-09-04,9861700055,customer70@mail.com,Delhi,Delhi,Student
1071,Customer 71,F,1976-12-14,9810226999,customer71@mail.com,Pune,Maharashtra,Student
1072,Customer 72,M,1986-07-03,9899152472,customer72@mail.com,Hyderabad,Telangana,Doctor
1073,Customer 73,F,1996-02-24,9850308572,customer73@mail.com,Hyderabad,Telangana,Student
1074,Customer 74,F,1985-07-23,9849682169,customer74@mail.com,Delhi,Delhi,Student
1075,Customer 75,M,1988-11-13,9833357554,customer75@mail.com,Pune,Maharashtra,Student
1076,Customer 76,F,1987-09-27,9810054484,customer76@mail.com,Hyderabad,Telangana,Doctor
1077,Customer 77,M,1988-10-20,9897873101,customer77@mail.com,Delhi,Delhi,Doctor
1078,Customer 78,F,1989-11-07,9878608612,customer78@mail.com,Bangalore,Karnataka,Business
1079,Customer 79,M,1984-09-22,9894951883,customer79@mail.com,Pune,Maharashtra,Student
1080,Customer 80,M,1999-04-22,9851663795,customer80@mail.com,Delhi,Delhi,Teacher
1081,Customer 81,M,1975-01-08,9873771720,customer81@mail.com,Pune,Maharashtra,Student
1082,Customer 82,F,1988-11-19,9836096655,customer82@mail.com,Mumbai,Maharashtra,Banker
1083,Customer 83,F,1987-04-05,9898054615,customer83@mail.com,Bangalore,Karnataka,Banker
1084,Customer 84,M,1999-07-08,9833607110,customer84@mail.com,Mumbai,Maharashtra,Banker
1085,Customer 85,F,1976-09-08,9826288475,customer85@mail.com,Hyderabad,Telangana,Business
1086,Customer 86,F,1996-09-18,9889920257,customer86@mail.com,Pune,Maharashtra,Doctor
1087,Customer 87,F,1992-08-06,9873709724,customer87@mail.com,Bangalore,Karnataka,Business
1088,Customer 88,M,1995-05-25,9879967676,customer88@mail.com,Delhi,Delhi,Business
1089,Customer 89,F,1989-02-23,9848349783,customer89@mail.com,Pune,Maharashtra,Teacher
1090,Customer 90,F,1985-09-03,9828572252,customer90@mail.com,Delhi,Delhi,Teacher
1091,Customer 91,F,1997-03-23,9838716269,customer91@mail.com,Pune,Maharashtra,Engineer
1092,Customer 92,F,1985-09-15,9865804273,customer92@mail.com,Bangalore,Karnataka,Engineer
1093,Customer 93,F,1987-10-23,9812621534,customer93@mail.com,Pune,Maharashtra,Student
1094,Customer 94,F,1975-06-10,9862343121,customer94@mail.com,Bangalore,Karnataka,Business
1095,Customer 95,M,1990-04-09,9868496914,customer95@mail.com,Hyderabad,Telangana,Business
1096,Customer 96,F,1985-11-22,9864266464,customer96@mail.com,Mumbai,Maharashtra,Banker
1097,Customer 97,F,1979-10-18,9813619375,customer97@mail.com,Pune,Maharashtra,Business
1098,Customer 98,M,1977-11-14,9828213276,customer98@mail.com,Hyderabad,Telangana,Business
1099,Customer 99,M,1983-07-11,9838408562,customer99@mail.com,Pune,Maharashtra,Business
1100,Customer 100,F,1999-07-09,9866581473,customer100@mail.com,Delhi,Delhi,Doctor
1101,Customer 101,F,1975-12-18,9816990811,customer101@mail.com,Mumbai,Maharashtra,Doctor
1102,Customer 102,M,1999-11-02,9814164775,customer102@mail.com,Pune,Maharashtra,Teacher
1103,Customer 103,M,1994-03-08,9826941092,customer103@mail.com,Pune,Maharashtra,Business
1104,Customer 104,M,1989-12-09,9859512272,customer104@mail.com,Mumbai,Maharashtra,Teacher
1105,Customer 105,M,1999-03-10,9824508768,customer105@mail.com,Hyderabad,Telangana,Student
1106,Customer 106,F,1993-11-13,9863238057,customer106@mail.com,Mumbai,Maharashtra,Banker
1107,Customer 107,M,1993-12-27,9894187049,customer107@mail.com,Pune,Maharashtra,Teacher
1108,Customer 108,F,1996-10-26,9826247735,customer108@mail.com,Mumbai,Maharashtra,Student
1109,Customer 109,F,1992-07-22,9859737181,customer109@mail.com,Mumbai,Maharashtra,Engineer
1110,Customer 110,F,1975-07-27,9875793759,customer110@mail.com,Hyderabad,Telangana,Engineer
1111,Customer 111,F,1995-08-23,9830534124,customer111@mail.com,Bangalore,Karnataka,Business
1112,Customer 112,F,1994-09-25,9874893936,customer112@mail.com,Pune,Maharashtra,Business
1113,Customer 113,F,1985-04-27,9821631697,customer113@mail.com,Bangalore,Karnataka,Doctor
1114,Customer 114,M,1999-08-19,9891917334,customer114@mail.com,Bangalore,Karnataka,Banker
1115,Customer 115,F,1975-08-28,9853622663,customer115@mail.com,Bangalore,Karnataka,Teacher
1116,Customer 116,M,1986-05-11,9847535126,customer116@mail.com,Bangalore,Karnataka,Student
1117,Customer 117,M,1991-04-03,9842394260,customer117@mail.com,Delhi,Delhi,Banker
1118,Customer 118,F,1992-04-23,9873900135,customer118@mail.com,Bangalore,Karnataka,Banker
1119,Customer 119,F,1975-02-10,9839742165,customer119@mail.com,Bangalore,Karnataka,Business
1120,Customer 120,F,1996-10-12,9873519947,customer120@mail.com,Pune,Maharashtra,Student
1121,Customer 121,F,1988-12-18,9854398056,customer121@mail.com,Hyderabad,Telangana,Doctor
1122,Customer 122,F,1984-05-08,9826194158,customer122@mail.com,Bangalore,Karnataka,Banker
1123,Customer 123,F,1978-12-18,9834850391,customer123@mail.com,Pune,Maharashtra,Teacher
1124,Customer 124,F,1983-12-19,9880415568,customer124@mail.com,Pune,Maharashtra,Student
1125,Customer 125,M,1981-05-08,9858436637,customer125@mail.com,Delhi,Delhi,Teacher
1126,Customer 126,M,1997-09-05,9846817443,customer126@mail.com,Delhi,Delhi,Engineer
1127,Customer 127,F,1997-03-21,9875884623,customer127@mail.com,Mumbai,Maharashtra,Engineer
1128,Customer 128,F,1990-08-15,9855728776,customer128@mail.com,Mumbai,Maharashtra,Teacher
1129,Customer 129,F,1990-02-27,9818770247,customer129@mail.com,Mumbai,Maharashtra,Business
1130,Customer 130,M,1993-11-22,9817195288,customer130@mail.com,Bangalore,Karnataka,Teacher
1131,Customer 131,F,1977-04-04,9884903294,customer131@mail.com,Pune,Maharashtra,Business
1132,Customer 132,M,1999-09-13,9870467027,customer132@mail.com,Hyderabad,Telangana,Business
1133,Customer 133,F,1984-10-20,9818083974,customer133@mail.com,Delhi,Delhi,Student
1134,Customer 134,M,1995-04-09,9898641164,customer134@mail.com,Mumbai,Maharashtra,Engineer
1135,Customer 135,M,1980-09-03,9831009452,customer135@mail.com,Pune,Maharashtra,Engineer
1136,Customer 136,F,1997-10-16,9849092160,customer136@mail.com,Bangalore,Karnataka,Engineer
1137,Customer 137,F,1997-05-23,9870939053,customer137@mail.com,Pune,Maharashtra,Engineer
1138,Customer 138,F,1995-10-22,9836550845,customer138@mail.com,Pune,Maharashtra,Business
1139,Customer 139,M,1995-03-09,9829090631,customer139@mail.com,Mumbai,Maharashtra,Engineer
1140,Customer 140,M,1984-10-24,9886397676,customer140@mail.com,Mumbai,Maharashtra,Doctor
1141,Customer 141,M,1989-12-10,9864023778,customer141@mail.com,Bangalore,Karnataka,Doctor
1142,Customer 142,F,1989-02-20,9815350023,customer142@mail.com,Hyderabad,Telangana,Business
1143,Customer 143,F,1975-02-08,9887201917,customer143@mail.com,Delhi,Delhi,Student
1144,Customer 144,F,1993-01-25,9833513701,customer144@mail.com,Mumbai,Maharashtra,Business
1145,Customer 145,F,1983-03-19,9868503492,customer145@mail.com,Hyderabad,Telangana,Banker
1146,Customer 146,M,1990-06-14,9854735895,customer146@mail.com,Bangalore,Karnataka,Doctor
1147,Customer 147,M,1985-07-23,9876500726,customer147@mail.com,Mumbai,Maharashtra,Doctor
1148,Customer 148,M,1989-02-11,9843876400,customer148@mail.com,Bangalore,Karnataka,Doctor
1149,Customer 149,F,1991-01-22,9882825679,customer149@mail.com,Mumbai,Maharashtra,Business
1150,Customer 150,M,1981-09-12,9893568503,customer150@mail.com,Bangalore,Karnataka,Business
1151,Customer 151,M,1981-05-18,9827584297,customer151@mail.com,Bangalore,Karnataka,Doctor
1152,Customer 152,F,1978-01-21,9891721371,customer152@mail.com,Bangalore,Karnataka,Teacher
1153,Customer 153,F,1992-01-18,9864759583,customer153@mail.com,Pune,Maharashtra,Engineer
1154,Customer 154,M,1989-02-21,9830665654,customer154@mail.com,Pune,Maharashtra,Business
1155,Customer 155,F,1988-08-16,9842713008,customer155@mail.com,Delhi,Delhi,Business
1156,Customer 156,M,1987-04-20,9878214937,customer156@mail.com,Hyderabad,Telangana,Banker
1157,Customer 157,M,1983-07-11,9878147397,customer157@mail.com,Pune,Maharashtra,Doctor
1158,Customer 158,F,1998-05-27,9888777447,customer158@mail.com,Mumbai,Maharashtra,Student
1159,Customer 159,M,1989-09-16,9856321751,customer159@mail.com,Bangalore,Karnataka,Doctor
1160,Customer 160,F,1989-06-28,9835320492,customer160@mail.com,Hyderabad,Telangana,Banker
1161,Customer 161,F,1982-07-02,9852704903,customer161@mail.com,Pune,Maharashtra,Banker
1162,Customer 162,F,1987-11-26,9897512508,customer162@mail.com,Bangalore,Karnataka,Teacher
1163,Customer 163,M,1979-09-19,9854559574,customer163@mail.com,Bangalore,Karnataka,Engineer
1164,Customer 164,M,1991-08-01,9829348212,customer164@mail.com,Bangalore,Karnataka,Business
1165,Customer 165,M,1990-05-11,9893652460,customer165@mail.com,Pune,Maharashtra,Banker
1166,Customer 166,M,1985-11-28,9881621574,customer166@mail.com,Bangalore,Karnataka,Business
1167,Customer 167,F,1992-01-20,9819183277,customer167@mail.com,Delhi,Delhi,Teacher
1168,Customer 168,M,1998-02-14,9823212812,customer168@mail.com,Delhi,Delhi,Banker
1169,Customer 169,F,1980-12-10,9813885234,customer169@mail.com,Mumbai,Maharashtra,Engineer
1170,Customer 170,M,1984-06-12,9867805802,customer170@mail.com,Delhi,Delhi,Teacher
1171,Customer 171,F,1993-11-26,9834166826,customer171@mail.com,Pune,Maharashtra,Teacher
1172,Customer 172,M,1994-07-20,9842323627,customer172@mail.com,Pune,Maharashtra,Business
1173,Customer 173,M,1982-08-21,9844088261,customer173@mail.com,Hyderabad,Telangana,Business
1174,Customer 174,M,1989-05-22,9883363160,customer174@mail.com,Delhi,Delhi,Teacher
1175,Customer 175,F,1986-10-10,9895756900,customer175@mail.com,Mumbai,Maharashtra,Business
1176,Customer 176,F,1984-04-13,9874855088,customer176@mail.com,Delhi,Delhi,Engineer
1177,Customer 177,F,1993-06-19,9849711319,customer177@mail.com,Pune,Maharashtra,Banker
1178,Customer 178,M,1996-07-09,9811086890,customer178@mail.com,Delhi,Delhi,Student
1179,Customer 179,F,1984-04-20,9857287718,customer179@mail.com,Mumbai,Maharashtra,Teacher
1180,Customer 180,F,1996-12-25,9898473848,customer180@mail.com,Pune,Maharashtra,Banker
1181,Customer 181,M,1995-11-02,9851464269,customer181@mail.com,Pune,Maharashtra,Business
1182,Customer 182,F,1998-03-03,9849609054,customer182@mail.com,Mumbai,Maharashtra,Doctor
1183,Customer 183,M,1981-03-26,9882398083,customer183@mail.com,Bangalore,Karnataka,Doctor
1184,Customer 184,F,1980-05-27,9874672520,customer184@mail.com,Hyderabad,Telangana,Doctor
1185,Customer 185,M,1989-02-05,9840281491,customer185@mail.com,Delhi,Delhi,Banker
1186,Customer 186,F,1977-07-01,9845495029,customer186@mail.com,Bangalore,Karnataka,Student
1187,Customer 187,F,1986-11-24,9845186708,customer187@mail.com,Mumbai,Maharashtra,Student
1188,Customer 188,F,1978-11-08,9873280554,customer188@mail.com,Bangalore,Karnataka,Engineer
1189,Customer 189,F,1994-04-21,9818484847,customer189@mail.com,Hyderabad,Telangana,Banker
1190,Customer 190,F,1995-07-04,9828760553,customer190@mail.com,Bangalore,Karnataka,Engineer
1191,Customer 191,F,1990-02-04,9841514326,customer191@mail.com,Mumbai,Maharashtra,Student
1192,Customer 192,F,1989-06-22,9882503409,customer192@mail.com,Pune,Maharashtra,Business
1193,Customer 193,M,1988-11-04,9875679047,customer193@mail.com,Hyderabad,Telangana,Student
1194,Customer 194,F,1976-12-12,9839161443,customer194@mail.com,Bangalore,Karnataka,Business
1195,Customer 195,M,1986-02-22,9859302863,customer195@mail.com,Bangalore,Karnataka,Student
1196,Customer 196,M,1987-05-07,9826395999,customer196@mail.com,Delhi,Delhi,Business
1197,Customer 197,M,1995-11-20,9812866549,customer197@mail.com,Mumbai,Maharashtra,Engineer
1198,Customer 198,M,1979-10-07,9819208698,customer198@mail.com,Delhi,Delhi,Student
1199,Customer 199,M,1982-06-25,9829804386,customer199@mail.com,Pune,Maharashtra,Student
1200,Customer 200,F,1979-03-18,9843642236,customer200@mail.com,Mumbai,Maharashtra,Teacher
1201,Customer 201,M,1979-01-12,9841934639,customer201@mail.com,Mumbai,Maharashtra,Student
1202,Customer 202,M,1980-05-02,9827013243,customer202@mail.com,Delhi,Delhi,Banker
1203,Customer 203,M,1998-02-16,9870166480,customer203@mail.com,Bangalore,Karnataka,Doctor
1204,Customer 204,M,1989-09-08,9892558242,customer204@mail.com,Hyderabad,Telangana,Engineer
1205,Customer 205,F,1989-11-01,9818163847,customer205@mail.com,Hyderabad,Telangana,Business
1206,Customer 206,F,1996-02-16,9869533928,customer206@mail.com,Bangalore,Karnataka,Engineer
1207,Customer 207,F,1994-03-03,9826937148,customer207@mail.com,Mumbai,Maharashtra,Doctor
1208,Customer 208,F,1987-10-17,9849580505,customer208@mail.com,Hyderabad,Telangana,Business
1209,Customer 209,F,1978-12-04,9897874085,customer209@mail.com,Hyderabad,Telangana,Banker
1210,Customer 210,M,1988-08-08,9865541117,customer210@mail.com,Hyderabad,Telangana,Doctor
1211,Customer 211,F,1988-12-04,9851949529,customer211@mail.com,Bangalore,Karnataka,Business
1212,Customer 212,F,1986-03-22,9873655158,customer212@mail.com,Delhi,Delhi,Engineer
1213,Customer 213,M,1977-07-04,9860015814,customer213@mail.com,Mumbai,Maharashtra,Teacher
1214,Customer 214,M,1993-09-18,9854244334,customer214@mail.com,Hyderabad,Telangana,Banker
1215,Customer 215,F,1986-11-25,9866765623,customer215@mail.com,Mumbai,Maharashtra,Banker
1216,Customer 216,F,1994-05-12,9823905032,customer216@mail.com,Mumbai,Maharashtra,Student
1217,Customer 217,M,1979-11-16,9840097636,customer217@mail.com,Hyderabad,Telangana,Engineer
1218,Customer 218,F,1978-05-19,9840354559,customer218@mail.com,Delhi,Delhi,Business
1219,Customer 219,M,1994-11-27,9845896226,customer219@mail.com,Hyderabad,Telangana,Engineer
1220,Customer 220,F,1997-05-11,9857113566,customer220@mail.com,Pune,Maharashtra,Engineer
1221,Customer 221,M,1993-11-13,9819339597,customer221@mail.com,Pune,Maharashtra,Teacher
1222,Customer 222,M,1998-09-07,9860491958,customer222@mail.com,Mumbai,Maharashtra,Business
1223,Customer 223,F,1980-06-10,9853537934,customer223@mail.com,Bangalore,Karnataka,Student
1224,Customer 224,M,1976-03-06,9892924837,customer224@mail.com,Hyderabad,Telangana,Engineer
1225,Customer 225,F,1989-11-14,9875184410,customer225@mail.com,Mumbai,Maharashtra,Student
1226,Customer 226,F,1983-04-25,9878765957,customer226@mail.com,Bangalore,Karnataka,Engineer
1227,Customer 227,F,1978-05-22,9889609131,customer227@mail.com,Delhi,Delhi,Business
1228,Customer 228,F,1976-04-13,9890440034,customer228@mail.com,Hyderabad,Telangana,Engineer
1229,Customer 229,M,1984-04-25,9828419343,customer229@mail.com,Mumbai,Maharashtra,Doctor
1230,Customer 230,F,1978-01-16,9867801537,customer230@mail.com,Delhi,Delhi,Teacher
1231,Customer 231,F,1992-12-08,9877144075,customer231@mail.com,Pune,Maharashtra,Student
1232,Customer 232,M,1987-12-02,9868548403,customer232@mail.com,Delhi,Delhi,Engineer
1233,Customer 233,M,1985-10-14,9886960402,customer233@mail.com,Bangalore,Karnataka,Business
1234,Customer 234,F,1978-07-01,9853589647,customer234@mail.com,Bangalore,Karnataka,Teacher
1235,Customer 235,F,1997-06-03,9868614462,customer235@mail.com,Hyderabad,Telangana,Engineer
1236,Customer 236,F,1993-07-17,9820555833,customer236@mail.com,Pune,Maharashtra,Business
1237,Customer 237,F,1982-06-25,9832566390,customer237@mail.com,Delhi,Delhi,Engineer
1238,Customer 238,M,1991-09-07,9856892354,customer238@mail.com,Hyderabad,Telangana,Doctor
1239,Customer 239,M,1978-03-09,9836477373,customer239@mail.com,Pune,Maharashtra,Teacher
1240,Customer 240,M,1999-11-03,9833776150,customer240@mail.com,Hyderabad,Telangana,Banker
1241,Customer 241,F,1999-10-25,9887774890,customer241@mail.com,Bangalore,Karnataka,Business
1242,Customer 242,F,1995-06-05,9869023966,customer242@mail.com,Hyderabad,Telangana,Engineer
1243,Customer 243,F,1995-05-26,9846866075,customer243@mail.com,Bangalore,Karnataka,Student
1244,Customer 244,F,1991-02-10,9871974027,customer244@mail.com,Mumbai,Maharashtra,Business
1245,Customer 245,M,1986-05-03,9896525668,customer245@mail.com,Mumbai,Maharashtra,Engineer
1246,Customer 246,F,1989-10-18,9815505975,customer246@mail.com,Hyderabad,Telangana,Business
1247,Customer 247,M,1985-10-16,9877292380,customer247@mail.com,Hyderabad,Telangana,Teacher
1248,Customer 248,F,1978-06-23,9821318464,customer248@mail.com,Mumbai,Maharashtra,Student
1249,Customer 249,M,1982-12-15,9868978194,customer249@mail.com,Pune,Maharashtra,Student
1250,Customer 250,M,1986-06-10,9861998170,customer250@mail.com,Hyderabad,Telangana,Business
1251,Customer 251,M,1995-11-11,9818846539,customer251@mail.com,Delhi,Delhi,Doctor
1252,Customer 252,F,1984-05-24,9898122539,customer252@mail.com,Mumbai,Maharashtra,Student
1253,Customer 253,F,1977-10-22,9828982195,customer253@mail.com,Pune,Maharashtra,Doctor
1254,Customer 254,F,1979-10-23,9821370793,customer254@mail.com,Delhi,Delhi,Doctor
1255,Customer 255,F,1995-06-27,9827152188,customer255@mail.com,Hyderabad,Telangana,Banker
1256,Customer 256,M,1995-11-14,9878248169,customer256@mail.com,Hyderabad,Telangana,Doctor
1257,Customer 257,F,1984-03-07,9855866538,customer257@mail.com,Mumbai,Maharashtra,Business
1258,Customer 258,M,1979-03-03,9849700543,customer258@mail.com,Pune,Maharashtra,Engineer
1259,Customer 259,M,1996-06-25,9892950779,customer259@mail.com,Hyderabad,Telangana,Teacher
1260,Customer 260,F,1979-03-06,9893851247,customer260@mail.com,Hyderabad,Telangana,Teacher
1261,Customer 261,M,1988-06-22,9841880763,customer261@mail.com,Bangalore,Karnataka,Business
1262,Customer 262,F,1999-12-26,9870254091,customer262@mail.com,Hyderabad,Telangana,Teacher
1263,Customer 263,M,1984-08-27,9836040410,customer263@mail.com,Hyderabad,Telangana,Doctor
1264,Customer 264,F,1989-05-25,9861254050,customer264@mail.com,Hyderabad,Telangana,Student
1265,Customer 265,F,1980-04-26,9891156554,customer265@mail.com,Hyderabad,Telangana,Teacher
1266,Customer 266,M,1995-08-28,9859823245,customer266@mail.com,Delhi,Delhi,Student
1267,Customer 267,M,1984-02-25,9831516757,customer267@mail.com,Mumbai,Maharashtra,Doctor
1268,Customer 268,M,1988-02-08,9870549373,customer268@mail.com,Bangalore,Karnataka,Doctor
1269,Customer 269,F,1976-07-17,9860192261,customer269@mail.com,Mumbai,Maharashtra,Teacher
1270,Customer 270,M,1986-04-01,9852773159,customer270@mail.com,Bangalore,Karnataka,Engineer
1271,Customer 271,M,1979-01-10,9873411827,customer271@mail.com,Delhi,Delhi,Banker
1272,Customer 272,F,1989-10-01,9820633503,customer272@mail.com,Pune,Maharashtra,Engineer
1273,Customer 273,M,1979-09-24,9891722503,customer273@mail.com,Delhi,Delhi,Student
1274,Customer 274,M,1999-05-08,9850419829,customer274@mail.com,Bangalore,Karnataka,Engineer
1275,Customer 275,M,1988-11-26,9893592219,customer275@mail.com,Mumbai,Maharashtra,Business
1276,Customer 276,M,1990-10-18,9812205915,customer276@mail.com,Mumbai,Maharashtra,Banker
1277,Customer 277,M,1997-03-10,9867611469,customer277@mail.com,Hyderabad,Telangana,Engineer
1278,Customer 278,F,1982-10-14,9835140847,customer278@mail.com,Hyderabad,Telangana,Banker
1279,Customer 279,F,1977-09-18,9878092370,customer279@mail.com,Mumbai,Maharashtra,Student
1280,Customer 280,M,1987-08-02,9895318289,customer280@mail.com,Hyderabad,Telangana,Business
1281,Customer 281,F,1998-01-12,9819067690,customer281@mail.com,Delhi,Delhi,Doctor
1282,Customer 282,M,1999-10-24,9854629892,customer282@mail.com,Pune,Maharashtra,Teacher
1283,Customer 283,F,1992-06-27,9896274567,customer283@mail.com,Mumbai,Maharashtra,Teacher
1284,Customer 284,F,1995-03-26,9828099607,customer284@mail.com,Bangalore,Karnataka,Engineer
1285,Customer 285,M,1984-04-02,9836772387,customer285@mail.com,Bangalore,Karnataka,Engineer
1286,Customer 286,F,1991-07-27,9882884346,customer286@mail.com,Delhi,Delhi,Business
1287,Customer 287,M,1999-11-07,9848401154,customer287@mail.com,Delhi,Delhi,Doctor
1288,Customer 288,F,1983-02-26,9859394697,customer288@mail.com,Mumbai,Maharashtra,Business
1289,Customer 289,F,1987-06-06,9876599269,customer289@mail.com,Bangalore,Karnataka,Banker
1290,Customer 290,F,1991-05-26,9821087928,customer290@mail.com,Bangalore,Karnataka,Banker
1291,Customer 291,M,1988-10-27,9834220459,customer291@mail.com,Bangalore,Karnataka,Student
1292,Customer 292,F,1978-02-11,9898707076,customer292@mail.com,Delhi,Delhi,Doctor
1293,Customer 293,F,1994-12-14,9832366682,customer293@mail.com,Delhi,Delhi,Banker
1294,Customer 294,F,1989-01-24,9857319709,customer294@mail.com,Bangalore,Karnataka,Student
1295,Customer 295,F,1995-01-03,9895565484,customer295@mail.com,Bangalore,Karnataka,Business
1296,Customer 296,M,1975-03-28,9891547054,customer296@mail.com,Delhi,Delhi,Banker
1297,Customer 297,M,1979-02-08,9896592295,customer297@mail.com,Bangalore,Karnataka,Doctor
1298,Customer 298,F,1993-01-20,9830594121,customer298@mail.com,Delhi,Delhi,Banker
1299,Customer 299,F,1986-08-25,9820319387,customer299@mail.com,Bangalore,Karnataka,Student
1300,Customer 300,F,1987-06-21,9847405107,customer300@mail.com,Pune,Maharashtra,Teacher
1301,Customer 301,M,1998-03-16,9879490594,customer301@mail.com,Mumbai,Maharashtra,Business
1302,Customer 302,M,1983-05-23,9869897763,customer302@mail.com,Hyderabad,Telangana,Teacher
1303,Customer 303,F,1997-08-07,9826460116,customer303@mail.com,Hyderabad,Telangana,Teacher
1304,Customer 304,F,1980-12-15,9821783073,customer304@mail.com,Mumbai,Maharashtra,Banker
1305,Customer 305,F,1997-02-18,9882769008,customer305@mail.com,Delhi,Delhi,Doctor
1306,Customer 306,M,1997-12-23,9895590648,customer306@mail.com,Delhi,Delhi,Teacher
1307,Customer 307,M,1978-04-26,9828639738,customer307@mail.com,Delhi,Delhi,Teacher
1308,Customer 308,M,1986-09-19,9859514418,customer308@mail.com,Bangalore,Karnataka,Business
1309,Customer 309,M,1994-02-03,9851512297,customer309@mail.com,Hyderabad,Telangana,Business
1310,Customer 310,F,1999-07-27,9887161840,customer310@mail.com,Bangalore,Karnataka,Engineer
1311,Customer 311,F,1995-02-15,9872523073,customer311@mail.com,Pune,Maharashtra,Banker
1312,Customer 312,F,1979-09-21,9888891300,customer312@mail.com,Hyderabad,Telangana,Teacher
1313,Customer 313,F,1991-01-27,9826664623,customer313@mail.com,Pune,Maharashtra,Student
1314,Customer 314,F,1980-03-11,9840262109,customer314@mail.com,Pune,Maharashtra,Doctor
1315,Customer 315,F,1977-05-07,9895235919,customer315@mail.com,Hyderabad,Telangana,Student
1316,Customer 316,M,1995-05-20,9881602209,customer316@mail.com,Delhi,Delhi,Engineer
1317,Customer 317,M,1993-10-05,9832978158,customer317@mail.com,Hyderabad,Telangana,Banker
1318,Customer 318,F,1993-01-27,9813808225,customer318@mail.com,Hyderabad,Telangana,Engineer
1319,Customer 319,F,1995-04-25,9886790955,customer319@mail.com,Mumbai,Maharashtra,Business
1320,Customer 320,M,1990-11-18,9848879071,customer320@mail.com,Hyderabad,Telangana,Banker
1321,Customer 321,F,1982-11-13,9849920898,customer321@mail.com,Delhi,Delhi,Business
1322,Customer 322,M,1980-08-14,9874995086,customer322@mail.com,Mumbai,Maharashtra,Business
1323,Customer 323,F,1994-03-11,9852857920,customer323@mail.com,Pune,Maharashtra,Banker
1324,Customer 324,F,1979-06-17,9885383550,customer324@mail.com,Delhi,Delhi,Engineer
1325,Customer 325,M,1989-02-09,9870343755,customer325@mail.com,Delhi,Delhi,Teacher
1326,Customer 326,M,1976-05-13,9892594562,customer326@mail.com,Pune,Maharashtra,Business
1327,Customer 327,M,1985-10-24,9851971886,customer327@mail.com,Pune,Maharashtra,Teacher
1328,Customer 328,F,1991-08-16,9851411602,customer328@mail.com,Pune,Maharashtra,Business
1329,Customer 329,M,1987-09-15,9842310051,customer329@mail.com,Mumbai,Maharashtra,Teacher
1330,Customer 330,F,1976-01-10,9876423575,customer330@mail.com,Hyderabad,Telangana,Student
1331,Customer 331,F,1992-01-28,9824428014,customer331@mail.com,Bangalore,Karnataka,Business
1332,Customer 332,F,1998-06-25,9864123845,customer332@mail.com,Pune,Maharashtra,Doctor
1333,Customer 333,F,1976-10-18,9836126192,customer333@mail.com,Mumbai,Maharashtra,Doctor
1334,Customer 334,F,1977-07-17,9870445541,customer334@mail.com,Hyderabad,Telangana,Student
1335,Customer 335,M,1979-02-13,9860089832,customer335@mail.com,Delhi,Delhi,Doctor
1336,Customer 336,F,1999-03-07,9890861208,customer336@mail.com,Hyderabad,Telangana,Student
1337,Customer 337,M,1976-01-05,9854699966,customer337@mail.com,Bangalore,Karnataka,Business
1338,Customer 338,F,1979-10-17,9828761086,customer338@mail.com,Hyderabad,Telangana,Doctor
1339,Customer 339,F,1980-07-20,9850162553,customer339@mail.com,Hyderabad,Telangana,Student
1340,Customer 340,F,1997-10-10,9873739005,customer340@mail.com,Delhi,Delhi,Engineer
1341,Customer 341,F,1996-02-14,9888343175,customer341@mail.com,Delhi,Delhi,Doctor
1342,Customer 342,F,1983-11-26,9887641510,customer342@mail.com,Mumbai,Maharashtra,Student
1343,Customer 343,M,1993-08-06,9880361272,customer343@mail.com,Pune,Maharashtra,Banker
1344,Customer 344,F,1979-11-08,9814237322,customer344@mail.com,Hyderabad,Telangana,Student
1345,Customer 345,M,1975-08-11,9866207740,customer345@mail.com,Mumbai,Maharashtra,Teacher
1346,Customer 346,M,1988-09-25,9892071195,customer346@mail.com,Bangalore,Karnataka,Business
1347,Customer 347,M,1991-04-18,9853627409,customer347@mail.com,Mumbai,Maharashtra,Banker
1348,Customer 348,F,1985-03-15,9881555103,customer348@mail.com,Bangalore,Karnataka,Doctor
1349,Customer 349,F,1996-12-22,9896343485,customer349@mail.com,Hyderabad,Telangana,Banker
1350,Customer 350,F,1981-04-09,9884905122,customer350@mail.com,Delhi,Delhi,Doctor
1351,Customer 351,F,1999-05-23,9837820354,customer351@mail.com,Pune,Maharashtra,Banker
1352,Customer 352,F,1990-06-18,9846702849,customer352@mail.com,Bangalore,Karnataka,Doctor
1353,Customer 353,F,1987-06-25,9829659692,customer353@mail.com,Mumbai,Maharashtra,Doctor
1354,Customer 354,F,1997-02-12,9869374716,customer354@mail.com,Mumbai,Maharashtra,Banker
1355,Customer 355,F,1981-04-27,9882286705,customer355@mail.com,Delhi,Delhi,Doctor
1356,Customer 356,F,1979-02-20,9888763056,customer356@mail.com,Hyderabad,Telangana,Teacher
1357,Customer 357,M,1996-09-08,9895623471,customer357@mail.com,Pune,Maharashtra,Teacher
1358,Customer 358,M,1988-06-23,9873404979,customer358@mail.com,Mumbai,Maharashtra,Engineer
1359,Customer 359,M,1992-03-14,9897629787,customer359@mail.com,Pune,Maharashtra,Business
1360,Customer 360,M,1999-05-11,9848307798,customer360@mail.com,Bangalore,Karnataka,Banker
1361,Customer 361,M,1995-10-08,9881826922,customer361@mail.com,Mumbai,Maharashtra,Banker
1362,Customer 362,M,1988-03-02,9863283709,customer362@mail.com,Mumbai,Maharashtra,Business
1363,Customer 363,F,1976-01-10,9886230551,customer363@mail.com,Pune,Maharashtra,Student
1364,Customer 364,F,1984-08-21,9882920556,customer364@mail.com,Mumbai,Maharashtra,Student
1365,Customer 365,M,1991-08-09,9835878707,customer365@mail.com,Bangalore,Karnataka,Engineer
1366,Customer 366,M,1998-08-21,9844529507,customer366@mail.com,Delhi,Delhi,Banker
1367,Customer 367,M,1998-06-26,9849597485,customer367@mail.com,Pune,Maharashtra,Student
1368,Customer 368,M,1994-11-13,9867405358,customer368@mail.com,Pune,Maharashtra,Student
1369,Customer 369,M,1987-11-04,9834800912,customer369@mail.com,Delhi,Delhi,Teacher
1370,Customer 370,F,1982-01-09,9861482483,customer370@mail.com,Bangalore,Karnataka,Teacher
1371,Customer 371,F,1985-05-19,9886890296,customer371@mail.com,Bangalore,Karnataka,Engineer
1372,Customer 372,F,1997-04-02,9899628735,customer372@mail.com,Delhi,Delhi,Engineer
1373,Customer 373,F,1980-07-22,9877447155,customer373@mail.com,Bangalore,Karnataka,Banker
1374,Customer 374,M,1995-05-12,9892493631,customer374@mail.com,Delhi,Delhi,Teacher
1375,Customer 375,M,1990-03-15,9891300905,customer375@mail.com,Pune,Maharashtra,Doctor
1376,Customer 376,F,1999-09-26,9899133246,customer376@mail.com,Bangalore,Karnataka,Teacher
1377,Customer 377,M,1991-08-17,9858557943,customer377@mail.com,Pune,Maharashtra,Engineer
1378,Customer 378,M,1976-09-17,9837133023,customer378@mail.com,Hyderabad,Telangana,Student
1379,Customer 379,M,1980-06-28,9879839059,customer379@mail.com,Hyderabad,Telangana,Business
1380,Customer 380,M,1997-10-16,9822205980,customer380@mail.com,Mumbai,Maharashtra,Student
1381,Customer 381,M,1989-03-17,9865757342,customer381@mail.com,Bangalore,Karnataka,Business
1382,Customer 382,M,1992-08-22,9851361818,customer382@mail.com,Hyderabad,Telangana,Banker
1383,Customer 383,F,1983-01-24,9839246218,customer383@mail.com,Mumbai,Maharashtra,Student
1384,Customer 384,M,1988-06-23,9818557710,customer384@mail.com,Mumbai,Maharashtra,Student
1385,Customer 385,M,1990-01-10,9864877191,customer385@mail.com,Mumbai,Maharashtra,Teacher
1386,Customer 386,F,1986-07-15,9860666702,customer386@mail.com,Pune,Maharashtra,Business
1387,Customer 387,M,1995-06-04,9833954324,customer387@mail.com,Mumbai,Maharashtra,Student
1388,Customer 388,M,1998-04-27,9810466177,customer388@mail.com,Bangalore,Karnataka,Engineer
1389,Customer 389,F,1996-12-18,9866925500,customer389@mail.com,Delhi,Delhi,Student
1390,Customer 390,M,1982-08-12,9830820038,customer390@mail.com,Bangalore,Karnataka,Doctor
1391,Customer 391,M,1976-11-14,9892533595,customer391@mail.com,Pune,Maharashtra,Engineer
1392,Customer 392,M,1977-02-20,9814506531,customer392@mail.com,Pune,Maharashtra,Business
1393,Customer 393,M,1982-12-02,9863991141,customer393@mail.com,Hyderabad,Telangana,Business
1394,Customer 394,M,1999-01-05,9877631755,customer394@mail.com,Pune,Maharashtra,Doctor
1395,Customer 395,F,1993-10-25,9853038943,customer395@mail.com,Pune,Maharashtra,Teacher
1396,Customer 396,M,1996-09-08,9865507111,customer396@mail.com,Delhi,Delhi,Doctor
1397,Customer 397,M,1992-10-24,9833505978,customer397@mail.com,Delhi,Delhi,Banker
1398,Customer 398,F,1976-06-21,9861157708,customer398@mail.com,Bangalore,Karnataka,Student
1399,Customer 399,F,1988-03-10,9860527631,customer399@mail.com,Delhi,Delhi,Teacher
1400,Customer 400,F,1982-04-10,9829374563,customer400@mail.com,Hyderabad,Telangana,Business
1401,Customer 401,F,1988-09-17,9827997624,customer401@mail.com,Mumbai,Maharashtra,Business
1402,Customer 402,F,1981-06-21,9820612653,customer402@mail.com,Pune,Maharashtra,Business
1403,Customer 403,M,1992-12-27,9835566010,customer403@mail.com,Delhi,Delhi,Engineer
1404,Customer 404,F,1996-10-20,9815307982,customer404@mail.com,Delhi,Delhi,Engineer
1405,Customer 405,M,1990-04-28,9854689713,customer405@mail.com,Pune,Maharashtra,Doctor
1406,Customer 406,M,1981-12-04,9874279671,customer406@mail.com,Mumbai,Maharashtra,Teacher
1407,Customer 407,M,1987-04-18,9853166435,customer407@mail.com,Hyderabad,Telangana,Doctor
1408,Customer 408,F,1992-11-12,9851395738,customer408@mail.com,Bangalore,Karnataka,Doctor
1409,Customer 409,F,1989-02-26,9873013937,customer409@mail.com,Delhi,Delhi,Doctor
1410,Customer 410,F,1985-07-02,9885500790,customer410@mail.com,Pune,Maharashtra,Teacher
1411,Customer 411,M,1983-09-19,9887731247,customer411@mail.com,Pune,Maharashtra,Banker
1412,Customer 412,F,1979-04-11,9840872577,customer412@mail.com,Bangalore,Karnataka,Business
1413,Customer 413,M,1990-09-21,9855307111,customer413@mail.com,Hyderabad,Telangana,Doctor
1414,Customer 414,F,1989-03-24,9857268285,customer414@mail.com,Bangalore,Karnataka,Teacher
1415,Customer 415,F,1980-09-21,9817882882,customer415@mail.com,Pune,Maharashtra,Student
1416,Customer 416,M,1996-01-25,9810856822,customer416@mail.com,Mumbai,Maharashtra,Business
1417,Customer 417,M,1977-12-05,9811226946,customer417@mail.com,Pune,Maharashtra,Teacher
1418,Customer 418,F,1986-01-20,9895594482,customer418@mail.com,Hyderabad,Telangana,Banker
1419,Customer 419,F,1996-08-01,9810887495,customer419@mail.com,Hyderabad,Telangana,Student
1420,Customer 420,F,1975-01-17,9846875077,customer420@mail.com,Hyderabad,Telangana,Student
1421,Customer 421,M,1991-12-22,9867790557,customer421@mail.com,Delhi,Delhi,Teacher
1422,Customer 422,M,1991-03-08,9835760684,customer422@mail.com,Mumbai,Maharashtra,Student
1423,Customer 423,F,1986-05-26,9863270536,customer423@mail.com,Hyderabad,Telangana,Engineer
1424,Customer 424,F,1989-10-08,9840314047,customer424@mail.com,Delhi,Delhi,Doctor
1425,Customer 425,M,1977-07-13,9860622842,customer425@mail.com,Mumbai,Maharashtra,Student
1426,Customer 426,M,1995-01-23,9833002714,customer426@mail.com,Bangalore,Karnataka,Engineer
1427,Customer 427,F,1995-06-19,9822799248,customer427@mail.com,Bangalore,Karnataka,Student
1428,Customer 428,M,1981-12-19,9873820568,customer428@mail.com,Mumbai,Maharashtra,Doctor
1429,Customer 429,M,1996-05-18,9885633013,customer429@mail.com,Mumbai,Maharashtra,Banker
1430,Customer 430,M,1985-01-07,9888790652,customer430@mail.com,Mumbai,Maharashtra,Teacher
1431,Customer 431,M,1984-03-19,9842275631,customer431@mail.com,Bangalore,Karnataka,Student
1432,Customer 432,F,1987-12-05,9820526386,customer432@mail.com,Bangalore,Karnataka,Student
1433,Customer 433,M,1978-07-08,9820202996,customer433@mail.com,Delhi,Delhi,Doctor
1434,Customer 434,F,1999-06-01,9895110541,customer434@mail.com,Hyderabad,Telangana,Doctor
1435,Customer 435,F,1982-06-18,9860388958,customer435@mail.com,Bangalore,Karnataka,Business
1436,Customer 436,F,1977-10-10,9843077929,customer436@mail.com,Pune,Maharashtra,Banker
1437,Customer 437,M,1983-03-13,9895080736,customer437@mail.com,Mumbai,Maharashtra,Teacher
1438,Customer 438,F,1986-02-03,9810697290,customer438@mail.com,Bangalore,Karnataka,Doctor
1439,Customer 439,F,1999-05-04,9827784789,customer439@mail.com,Bangalore,Karnataka,Engineer
1440,Customer 440,F,1989-09-18,9878778646,customer440@mail.com,Pune,Maharashtra,Business
1441,Customer 441,M,1977-06-18,9822490873,customer441@mail.com,Mumbai,Maharashtra,Student
1442,Customer 442,F,1987-01-10,9865540647,customer442@mail.com,Hyderabad,Telangana,Business
1443,Customer 443,M,1993-09-06,9861100987,customer443@mail.com,Mumbai,Maharashtra,Teacher
1444,Customer 444,F,1984-05-16,9829587040,customer444@mail.com,Pune,Maharashtra,Engineer
1445,Customer 445,F,1983-07-10,9874992426,customer445@mail.com,Pune,Maharashtra,Engineer
1446,Customer 446,F,1982-12-21,9876545476,customer446@mail.com,Delhi,Delhi,Student
1447,Customer 447,M,1989-02-05,9850890504,customer447@mail.com,Hyderabad,Telangana,Engineer
1448,Customer 448,F,1994-07-26,9854230340,customer448@mail.com,Bangalore,Karnataka,Business
1449,Customer 449,F,1995-10-05,9850323741,customer449@mail.com,Delhi,Delhi,Doctor
1450,Customer 450,M,1990-06-06,9863450811,customer450@mail.com,Hyderabad,Telangana,Doctor
1451,Customer 451,F,1993-04-11,9860473288,customer451@mail.com,Delhi,Delhi,Doctor
1452,Customer 452,F,1978-10-07,9889487366,customer452@mail.com,Bangalore,Karnataka,Student
1453,Customer 453,M,1998-08-23,9838138531,customer453@mail.com,Pune,Maharashtra,Business
1454,Customer 454,M,1988-11-16,9828680305,customer454@mail.com,Delhi,Delhi,Banker
1455,Customer 455,M,1983-11-05,9866791272,customer455@mail.com,Delhi,Delhi,Business
1456,Customer 456,F,1994-08-19,9863795149,customer456@mail.com,Mumbai,Maharashtra,Student
1457,Customer 457,F,1992-01-26,9858255231,customer457@mail.com,Hyderabad,Telangana,Banker
1458,Customer 458,M,1978-04-22,9899213703,customer458@mail.com,Hyderabad,Telangana,Doctor
1459,Customer 459,M,1993-11-22,9896804457,customer459@mail.com,Pune,Maharashtra,Business
1460,Customer 460,F,1978-01-04,9844727276,customer460@mail.com,Delhi,Delhi,Teacher
1461,Customer 461,M,1989-06-13,9872151291,customer461@mail.com,Hyderabad,Telangana,Banker
1462,Customer 462,M,1986-01-16,9824032377,customer462@mail.com,Hyderabad,Telangana,Doctor
1463,Customer 463,M,1978-12-05,9856751880,customer463@mail.com,Bangalore,Karnataka,Doctor
1464,Customer 464,F,1981-09-16,9856748074,customer464@mail.com,Delhi,Delhi,Business
1465,Customer 465,F,1998-12-15,9852803305,customer465@mail.com,Mumbai,Maharashtra,Engineer
1466,Customer 466,M,1997-02-01,9856047142,customer466@mail.com,Delhi,Delhi,Banker
1467,Customer 467,M,1998-04-17,9833414716,customer467@mail.com,Mumbai,Maharashtra,Student
1468,Customer 468,F,1992-07-15,9841119124,customer468@mail.com,Pune,Maharashtra,Business
1469,Customer 469,M,1995-11-14,9863094168,customer469@mail.com,Pune,Maharashtra,Engineer
1470,Customer 470,M,1989-10-14,9862188655,customer470@mail.com,Hyderabad,Telangana,Engineer
1471,Customer 471,M,1983-12-26,9818397164,customer471@mail.com,Pune,Maharashtra,Student
1472,Customer 472,M,1986-06-07,9871411378,customer472@mail.com,Mumbai,Maharashtra,Engineer
1473,Customer 473,F,1991-11-11,9890124068,customer473@mail.com,Delhi,Delhi,Business
1474,Customer 474,F,1993-02-12,9857242616,customer474@mail.com,Hyderabad,Telangana,Business
1475,Customer 475,M,1996-12-26,9849922369,customer475@mail.com,Hyderabad,Telangana,Student
1476,Customer 476,M,1996-03-11,9825819123,customer476@mail.com,Hyderabad,Telangana,Teacher
1477,Customer 477,M,1980-06-23,9828972822,customer477@mail.com,Delhi,Delhi,Student
1478,Customer 478,F,1994-03-19,9861500679,customer478@mail.com,Bangalore,Karnataka,Business
1479,Customer 479,F,1995-09-23,9896605343,customer479@mail.com,Pune,Maharashtra,Teacher
1480,Customer 480,M,1990-05-05,9835111946,customer480@mail.com,Hyderabad,Telangana,Doctor
1481,Customer 481,M,1986-01-16,9828325379,customer481@mail.com,Bangalore,Karnataka,Teacher
1482,Customer 482,F,1988-11-16,9865784972,customer482@mail.com,Bangalore,Karnataka,Banker
1483,Customer 483,F,1980-02-19,9814142053,customer483@mail.com,Bangalore,Karnataka,Teacher
1484,Customer 484,M,1983-04-18,9848744673,customer484@mail.com,Delhi,Delhi,Teacher
1485,Customer 485,F,1992-09-04,9886868379,customer485@mail.com,Bangalore,Karnataka,Engineer
1486,Customer 486,F,1992-01-25,9869239219,customer486@mail.com,Delhi,Delhi,Student
1487,Customer 487,F,1978-12-27,9897734330,customer487@mail.com,Pune,Maharashtra,Teacher
1488,Customer 488,M,1989-05-12,9821674661,customer488@mail.com,Delhi,Delhi,Business
1489,Customer 489,M,1981-12-19,9857060874,customer489@mail.com,Mumbai,Maharashtra,Banker
1490,Customer 490,F,1980-10-05,9837732020,customer490@mail.com,Hyderabad,Telangana,Teacher
1491,Customer 491,F,1992-05-20,9882312290,customer491@mail.com,Mumbai,Maharashtra,Teacher
1492,Customer 492,F,1984-10-09,9879043610,customer492@mail.com,Delhi,Delhi,Banker
1493,Customer 493,M,1999-07-02,9847221734,customer493@mail.com,Mumbai,Maharashtra,Banker
1494,Customer 494,M,1982-03-23,9853231088,customer494@mail.com,Pune,Maharashtra,Teacher
1495,Customer 495,F,1979-10-21,9846066605,customer495@mail.com,Bangalore,Karnataka,Banker
1496,Customer 496,F,1989-02-21,9822494970,customer496@mail.com,Bangalore,Karnataka,Business
1497,Customer 497,F,1997-06-15,9875504221,customer497@mail.com,Hyderabad,Telangana,Doctor
1498,Customer 498,M,1999-12-03,9871532017,customer498@mail.com,Hyderabad,Telangana,Banker
1499,Customer 499,M,1992-07-07,9867665720,customer499@mail.com,Delhi,Delhi,Teacher
1500,Customer 500,F,1985-05-11,9883458776,customer500@mail.com,Bangalore,Karnataka,Student
