LoanID,CustomerID,LoanType,LoanAmount,InterestRate,LoanStatus
L001,1007,Car,2892687,12.66,Closed
L002,1052,Gold,4185115,7.57,Closed
L003,1359,Home,1662672,7.23,Closed
L004,1257,Gold,528015,13.25,Closed
L005,1038,Car,2177763,13.37,Closed
L006,1003,Personal,832008,13.74,Closed
L007,1277,Car,4708031,11.13,Active
L008,1123,Gold,3281164,10.91,Active
L009,1388,Education,3854615,12.35,Closed
L010,1235,Gold,3703936,13.0,Active
L011,1199,Personal,1932744,9.17,Closed
L012,1347,Car,721331,11.47,Closed
L013,1390,Car,424192,8.59,Active
L014,1136,Education,3574883,12.24,Closed
L015,1171,Gold,2264820,13.96,Closed
L016,1060,Home,2584992,10.8,Active
L017,1301,Personal,3730829,12.08,Active
L018,1432,Home,4591603,7.65,Closed
L019,1199,Home,2909719,12.92,Active
L020,1248,Home,3866935,11.16,Closed
L021,1419,Education,2557320,12.62,Closed
L022,1426,Home,932365,7.75,Closed
L023,1489,Education,4014929,9.75,Closed
L024,1186,Personal,2995184,9.93,Closed
L025,1077,Education,4791865,12.53,Active
L026,1086,Gold,4886998,8.47,Closed
L027,1138,Home,1754712,11.06,Closed
L028,1490,Gold,4482747,13.01,Closed
L029,1006,Gold,3228914,12.06,Active
L030,1473,Gold,617735,8.53,Active
L031,1477,Gold,4645794,10.33,Closed
L032,1453,Gold,3877010,10.07,Closed
L033,1240,Home,1770676,10.99,Closed
L034,1074,Gold,1919159,10.48,Active
L035,1451,Gold,635181,11.69,Active
L036,1029,Gold,2049532,13.92,Active
L037,1067,Education,3568542,8.21,Active
L038,1209,Education,1458658,9.01,Active
L039,1119,Car,2078838,7.36,Active
L040,1111,Education,4994133,13.5,Closed
L041,1144,Gold,239227,12.51,Active
L042,1428,Gold,4797941,13.89,Closed
L043,1363,Car,69345,9.79,Closed
L044,1336,Car,1649952,9.39,Closed
L045,1166,Car,2612892,7.63,Closed
L046,1125,Gold,457352,7.23,Closed
L047,1442,Personal,2179099,10.72,Closed
L048,1148,Education,4067106,12.46,Closed
L049,1126,Home,1026835,13.73,Active
L050,1132,Car,3087598,9.45,Closed
L051,1464,Car,4490990,12.62,Closed
L052,1127,Gold,3490982,12.32,Closed
L053,1497,Car,3113213,9.33,Active
L054,1246,Education,3609090,10.85,Closed
L055,1279,Gold,279957,11.75,Active
L056,1118,Education,1141033,8.18,Active
L057,1455,Home,4081026,7.24,Active
L058,1319,Personal,4749152,9.81,Closed
L059,1473,Car,4887624,11.63,Closed
L060,1290,Education,4110389,8.12,Closed
L061,1104,Home,2160559,12.61,Closed
L062,1291,Personal,3478355,8.22,Active
L063,1243,Education,3340866,9.17,Active
L064,1219,Home,2016749,8.36,Active
L065,1278,Education,4299319,7.05,Active
L066,1010,Personal,709184,11.91,Active
L067,1270,Gold,2669086,9.37,Active
L068,1077,Home,1284296,11.77,Active
L069,1043,Gold,3077048,9.08,Closed
L070,1035,Gold,2360447,10.71,Active
L071,1338,Home,516017,13.08,Closed
L072,1208,Gold,1154008,13.12,Closed
L073,1333,Home,869359,9.49,Closed
L074,1349,Education,3802362,8.77,Active
L075,1423,Home,1977801,13.07,Closed
L076,1029,Gold,4534162,13.36,Closed
L077,1150,Education,1632421,8.41,Closed
L078,1260,Gold,1239158,13.31,Active
L079,1204,Education,137792,9.98,Active
L080,1443,Personal,2864990,10.12,Active
L081,1118,Car,3416649,10.4,Closed
L082,1380,Education,2920923,10.5,Active
L083,1318,Gold,108446,7.67,Active
L084,1370,Home,4793726,10.03,Closed
L085,1343,Car,282438,11.32,Closed
L086,1038,Education,1146355,7.32,Active
L087,1282,Personal,1109714,8.67,Active
L088,1497,Education,3824565,12.89,Closed
L089,1295,Car,4048155,11.1,Active
L090,1304,Home,2932921,10.75,Closed
L091,1469,Personal,1097678,7.54,Active
L092,1411,Education,3771452,7.58,Active
L093,1499,Home,3964506,9.34,Closed
L094,1155,Home,2648564,13.4,Closed
L095,1288,Gold,2048366,11.08,Active
L096,1198,Car,2951007,11.21,Active
L097,1355,Home,1541639,9.1,Closed
L098,1373,Gold,2026644,12.32,Closed
L099,1363,Gold,4076669,8.2,Closed
L100,1153,Car,2614536,8.38,Closed
L101,1441,Personal,3929226,10.63,Active
L102,1310,Gold,3085863,10.34,Closed
L103,1463,Gold,2628533,8.56,Active
L104,1428,Car,4842867,7.33,Active
L105,1139,Education,207393,11.48,Active
L106,1151,Gold,4925311,13.05,Active
L107,1321,Home,468082,10.97,Active
L108,1308,Home,3564409,11.89,Closed
L109,1117,Gold,3532947,7.89,Active
L110,1208,Gold,1211159,7.88,Closed
L111,1305,Car,327268,8.55,Active
L112,1028,Education,759077,12.02,Closed
L113,1473,Home,891006,11.75,Active
L114,1239,Car,962120,13.61,Active
L115,1386,Gold,1596411,12.74,Closed
L116,1160,Home,2219500,10.44,Closed
L117,1216,Education,156939,13.15,Active
L118,1268,Personal,1105905,13.43,Active
L119,1112,Personal,4474891,13.9,Closed
L120,1230,Personal,1422241,8.11,Active
L121,1428,Personal,3550199,11.79,Closed
L122,1404,Gold,741388,13.88,Active
L123,1442,Education,216757,12.53,Active
L124,1221,Car,2576605,10.25,Active
L125,1207,Personal,138900,7.3,Active
L126,1074,Education,4770836,7.11,Active
L127,1361,Home,3676596,9.1,Closed
L128,1209,Home,2665267,9.11,Closed
L129,1258,Gold,2142282,12.89,Closed
L130,1163,Personal,490380,12.0,Closed
L131,1091,Car,1098080,9.8,Closed
L132,1307,Car,563090,12.14,Closed
L133,1487,Personal,2295122,13.62,Active
L134,1319,Car,2615043,13.69,Closed
L135,1301,Home,2375125,9.24,Active
L136,1379,Education,1587000,12.54,Closed
L137,1090,Education,3982662,10.91,Active
L138,1172,Gold,1712018,8.74,Active
L139,1457,Car,2115890,7.14,Closed
L140,1120,Personal,2905372,8.74,Active
L141,1026,Car,1979403,9.96,Active
L142,1433,Car,1329489,9.05,Closed
L143,1478,Personal,231519,11.43,Closed
L144,1098,Gold,1369381,7.38,Active
L145,1178,Home,2769558,13.41,Closed
L146,1025,Car,2134888,12.75,Closed
L147,1050,Home,4139225,11.96,Closed
L148,1485,Personal,2770141,10.74,Closed
L149,1028,Education,2287855,11.44,Active
L150,1140,Car,1327690,13.27,Closed
L151,1485,Personal,3348990,9.14,Active
L152,1304,Education,1360883,9.6,Closed
L153,1439,Home,1153906,9.25,Active
L154,1482,Gold,4385840,7.53,Active
L155,1433,Car,2946245,13.32,Closed
L156,1367,Car,2650974,11.28,Closed
L157,1477,Home,3996388,7.77,Closed
L158,1440,Personal,3052637,10.47,Active
L159,1458,Gold,3675914,12.58,Active
L160,1491,Education,1152774,13.86,Closed
L161,1126,Home,3661994,7.84,Closed
L162,1069,Home,4550041,11.6,Closed
L163,1122,Personal,1152458,7.06,Active
L164,1235,Gold,663690,9.19,Closed
L165,1079,Home,2687313,11.25,Closed
L166,1257,Personal,3573441,11.17,Closed
L167,1450,Home,2617517,8.33,Active
L168,1355,Gold,251147,13.39,Active
L169,1382,Education,368280,7.77,Active
L170,1470,Personal,3553064,12.13,Active
L171,1376,Car,1298220,10.4,Active
L172,1276,Education,1787482,7.27,Closed
L173,1337,Home,3286943,13.57,Active
L174,1209,Education,4018920,11.95,Closed
L175,1046,Education,3013033,13.53,Active
L176,1180,Home,3252849,9.34,Closed
L177,1389,Education,4548834,12.31,Closed
L178,1246,Car,4445675,7.24,Closed
L179,1487,Car,4145948,8.1,Active
L180,1371,Education,991703,11.71,Closed
L181,1230,Car,1670305,10.21,Closed
L182,1216,Personal,198835,10.26,Active
L183,1373,Home,4525047,8.55,Closed
L184,1310,Gold,4415673,12.32,Closed
L185,1053,Personal,2958157,13.84,Active
L186,1211,Gold,716313,8.82,Closed
L187,1135,Education,346273,13.61,Closed
L188,1270,Education,3555232,10.15,Active
L189,1445,Education,2882214,12.34,Active
L190,1044,Gold,2602837,9.48,Active
L191,1180,Education,3115557,12.75,Active
L192,1156,Car,799982,10.53,Closed
L193,1108,Education,1279347,7.11,Active
L194,1069,Personal,4489720,12.84,Closed
L195,1220,Personal,1844558,8.68,Closed
L196,1361,Gold,4094239,12.56,Active
L197,1347,Car,884009,9.65,Closed
L198,1056,Education,1399628,12.88,Active
L199,1191,Personal,4642812,10.36,Active
L200,1007,Home,1254413,8.84,Active
